EMPCODE,True_WO
Z/0697,"2023-09-03, 2023-09-10, 2023-09-17, 2023-09-24"
ZI0001,"2023-09-03, 2023-09-10, 2023-09-17, 2023-09-24"
ZI0002,"2023-09-03, 2023-09-12, 2023-09-21, 2023-09-24"
ZI0003,"2023-09-03, 2023-09-10, 2023-09-17, 2023-09-24"
ZI0004,"2023-09-03, 2023-09-10, 2023-09-17, 2023-09-24"
ZI0006,"2023-09-03, 2023-09-10, 2023-09-17, 2023-09-24"
ZI0007,"2023-09-03, 2023-09-14, 2023-09-19, 2023-09-24"
ZI0008,"2023-09-03, 2023-09-10, 2023-09-17, 2023-09-24"
ZI0009,"2023-09-03, 2023-09-10, 2023-09-17, 2023-09-24"
ZI0010,"2023-09-03, 2023-09-10, 2023-09-17, 2023-09-24"
ZI0011,"2023-09-03, 2023-09-10, 2023-09-17, 2023-09-24"
ZI0012,"2023-09-03, 2023-09-10, 2023-09-17, 2023-09-24"
ZI0014,"2023-09-03, 2023-09-10, 2023-09-17, 2023-09-24"
ZI0015,"2023-09-03, 2023-09-10, 2023-09-17, 2023-09-24"
ZI0016,"2023-09-03, 2023-09-10, 2023-09-17, 2023-09-24"
ZI0020,"2023-09-03, 2023-09-10, 2023-09-17, 2023-09-24"
ZI0022,"2023-09-03, 2023-09-10, 2023-09-17, 2023-09-24"
ZI0023,"2023-09-03, 2023-09-10, 2023-09-17, 2023-09-24"
ZI0027,"2023-09-03, 2023-09-10, 2023-09-17, 2023-09-24"
ZI0028,"2023-09-03, 2023-09-10, 2023-09-17, 2023-09-24"
ZI0029,"2023-09-03, 2023-09-10, 2023-09-17, 2023-09-24"
ZI0031,"2023-09-03, 2023-09-10, 2023-09-17, 2023-09-24"
ZI0033,"2023-09-03, 2023-09-10, 2023-09-17, 2023-09-24"
ZI0036,"2023-09-03, 2023-09-10, 2023-09-17, 2023-09-24"
ZI0037,"2023-09-03, 2023-09-10, 2023-09-17, 2023-09-24"
ZI0038,"2023-09-03, 2023-09-10, 2023-09-17, 2023-09-24"
ZI0039,"2023-09-03, 2023-09-10, 2023-09-17, 2023-09-24"
ZI0044,"2023-09-03, 2023-09-10, 2023-09-17, 2023-09-24"
ZI0047,"2023-09-03, 2023-09-10, 2023-09-17, 2023-09-24"
ZI0050,"2023-09-03, 2023-09-10, 2023-09-17, 2023-09-24"
ZI0051,"2023-09-03, 2023-09-10, 2023-09-17, 2023-09-24"
ZI0052,"2023-09-03, 2023-09-10, 2023-09-17, 2023-09-24"
ZI0053,"2023-09-03, 2023-09-10, 2023-09-17, 2023-09-24"
ZI0054,"2023-09-03, 2023-09-10, 2023-09-17, 2023-09-24"
ZI0055,"2023-09-03, 2023-09-10, 2023-09-17, 2023-09-24"
ZI0057,"2023-09-03, 2023-09-10, 2023-09-17, 2023-09-24"
ZI0058,"2023-09-03, 2023-09-10, 2023-09-17, 2023-09-24"
ZI0062,"2023-09-03, 2023-09-10, 2023-09-17, 2023-09-24"
ZI0063,"2023-09-03, 2023-09-10, 2023-09-17, 2023-09-24"
ZI0065,"2023-09-03, 2023-09-10, 2023-09-17, 2023-09-24"
ZI0066,"2023-09-03, 2023-09-10, 2023-09-17, 2023-09-24"
ZI0067,"2023-09-03, 2023-09-10, 2023-09-17, 2023-09-24"
ZI0068,"2023-09-03, 2023-09-10, 2023-09-17, 2023-09-24"
ZI0071,"2023-09-03, 2023-09-10, 2023-09-17, 2023-09-24"
ZI0073,"2023-09-03, 2023-09-10, 2023-09-17, 2023-09-24"
ZI0078,"2023-09-03, 2023-09-10, 2023-09-17, 2023-09-24"
ZI0083,"2023-09-03, 2023-09-10, 2023-09-17, 2023-09-24"
ZI0084,"2023-09-03, 2023-09-10, 2023-09-17, 2023-09-24"
ZI0085,"2023-09-03, 2023-09-10, 2023-09-17, 2023-09-24"
ZI0088,"2023-09-03, 2023-09-10, 2023-09-17, 2023-09-24"
ZI0092,"2023-09-03, 2023-09-10, 2023-09-17, 2023-09-24"
ZI0093,"2023-09-03, 2023-09-10, 2023-09-17, 2023-09-24"
ZI0095,"2023-09-03, 2023-09-10, 2023-09-17, 2023-09-24"
ZI0102,"2023-09-03, 2023-09-10, 2023-09-17, 2023-09-24"
ZI0103,"2023-09-03, 2023-09-10, 2023-09-17, 2023-09-24"
ZI0104,"2023-09-03, 2023-09-10, 2023-09-17, 2023-09-24"
ZI0106,"2023-09-03, 2023-09-10, 2023-09-17, 2023-09-24"
ZI0112,"2023-09-03, 2023-09-10, 2023-09-17, 2023-09-24"
ZI0113,"2023-09-03, 2023-09-10, 2023-09-17, 2023-09-24"
ZI0116,"2023-09-03, 2023-09-10, 2023-09-17, 2023-09-24"
ZI0117,"2023-09-03, 2023-09-10, 2023-09-17, 2023-09-24"
ZI0118,"2023-09-03, 2023-09-10, 2023-09-17, 2023-09-24"
ZI0123,"2023-09-03, 2023-09-10, 2023-09-17, 2023-09-24"
ZI0124,"2023-09-03, 2023-09-10, 2023-09-17, 2023-09-24"
ZI0127,"2023-09-03, 2023-09-10, 2023-09-17, 2023-09-24"
ZI0128,"2023-09-03, 2023-09-10, 2023-09-17, 2023-09-24"
ZI0129,"2023-09-03, 2023-09-10, 2023-09-17, 2023-09-24"
ZI0130,"2023-09-03, 2023-09-10, 2023-09-17, 2023-09-24"
ZI0133,"2023-09-03, 2023-09-10, 2023-09-17, 2023-09-24"
ZI0134,"2023-09-03, 2023-09-10, 2023-09-17, 2023-09-24"
ZI0135,"2023-09-03, 2023-09-10, 2023-09-17, 2023-09-24"
ZI0137,"2023-09-03, 2023-09-10, 2023-09-17, 2023-09-24"
ZI0138,"2023-09-03, 2023-09-10, 2023-09-17, 2023-09-24"
ZI0139,"2023-09-03, 2023-09-10, 2023-09-17, 2023-09-24"
ZI0501,"2023-09-03, 2023-09-10, 2023-09-17, 2023-09-24"
ZI0504,"2023-09-03, 2023-09-10, 2023-09-17, 2023-09-24"
ZI0509,"2023-09-03, 2023-09-10, 2023-09-17, 2023-09-24"
ZI0511,"2023-09-03, 2023-09-10, 2023-09-17, 2023-09-24"
ZI0518,"2023-09-03, 2023-09-10, 2023-09-17, 2023-09-24"
ZI0523,"2023-09-03, 2023-09-10, 2023-09-17, 2023-09-24"
ZI0531,"2023-09-03, 2023-09-10, 2023-09-17, 2023-09-24"
ZI0532,"2023-09-03, 2023-09-10, 2023-09-17, 2023-09-24"
ZI0533,"2023-09-03, 2023-09-10, 2023-09-17, 2023-09-24"
ZI0535,"2023-09-03, 2023-09-10, 2023-09-17, 2023-09-24"
ZI0537,"2023-09-03, 2023-09-10, 2023-09-17, 2023-09-24"
ZI0538,"2023-09-03, 2023-09-10, 2023-09-17, 2023-09-24"
ZI0539,"2023-09-03, 2023-09-10, 2023-09-17, 2023-09-24"
ZI0541,"2023-09-03, 2023-09-10, 2023-09-17, 2023-09-24"
ZI0542,"2023-09-03, 2023-09-10, 2023-09-17, 2023-09-24"
ZI0543,"2023-09-03, 2023-09-10, 2023-09-17, 2023-09-24"
ZI0544,"2023-09-03, 2023-09-10, 2023-09-17, 2023-09-24"
ZI0552,"2023-09-03, 2023-09-10, 2023-09-17, 2023-09-24"
ZI0553,"2023-09-03, 2023-09-10, 2023-09-17, 2023-09-24"
ZI0563,"2023-09-03, 2023-09-10, 2023-09-17, 2023-09-24"
ZI0566,"2023-09-03, 2023-09-10, 2023-09-17, 2023-09-24"
ZI0567,"2023-09-03, 2023-09-10, 2023-09-17, 2023-09-24"
ZI0568,"2023-09-03, 2023-09-10, 2023-09-17, 2023-09-24"
ZI0570,"2023-09-03, 2023-09-10, 2023-09-17, 2023-09-24"
ZI0571,"2023-09-03, 2023-09-10, 2023-09-17, 2023-09-24"
ZI0573,"2023-09-03, 2023-09-10, 2023-09-17, 2023-09-24"
ZI0574,"2023-09-03, 2023-09-10, 2023-09-17, 2023-09-24"
ZI0575,"2023-09-03, 2023-09-10, 2023-09-17, 2023-09-24"
ZI0576,"2023-09-03, 2023-09-10, 2023-09-17, 2023-09-24"
ZI0577,"2023-09-03, 2023-09-10, 2023-09-17, 2023-09-24"
ZI0578,"2023-09-03, 2023-09-10, 2023-09-17, 2023-09-24"
ZI0579,"2023-09-03, 2023-09-10, 2023-09-17, 2023-09-24"
ZI0583,"2023-09-03, 2023-09-10, 2023-09-17, 2023-09-24"
ZI0584,"2023-09-03, 2023-09-10, 2023-09-17, 2023-09-24"
ZI0585,"2023-09-03, 2023-09-10, 2023-09-17, 2023-09-24"
ZI0586,"2023-09-03, 2023-09-10, 2023-09-17, 2023-09-24"
ZI0588,"2023-09-03, 2023-09-10, 2023-09-17, 2023-09-24"
ZI0589,"2023-09-03, 2023-09-10, 2023-09-17, 2023-09-24"
ZI0591,"2023-09-03, 2023-09-10, 2023-09-17, 2023-09-24"
ZI0593,"2023-09-03, 2023-09-10, 2023-09-17, 2023-09-24"
ZI0594,"2023-09-03, 2023-09-10, 2023-09-17, 2023-09-24"
ZI0595,"2023-09-03, 2023-09-10, 2023-09-17, 2023-09-24"
ZI0596,"2023-09-03, 2023-09-10, 2023-09-17, 2023-09-24"
ZI0597,"2023-09-03, 2023-09-10, 2023-09-17, 2023-09-24"
ZI0598,"2023-09-03, 2023-09-10, 2023-09-17, 2023-09-24"
ZI0599,"2023-09-03, 2023-09-10, 2023-09-17, 2023-09-24"
ZI0600,"2023-09-03, 2023-09-10, 2023-09-17, 2023-09-24"
ZI0601,"2023-09-03, 2023-09-10, 2023-09-17, 2023-09-24"
ZI0602,"2023-09-03, 2023-09-10, 2023-09-17, 2023-09-24"
ZI0603,"2023-09-03, 2023-09-10, 2023-09-17, 2023-09-24"
ZI0604,"2023-09-03, 2023-09-10, 2023-09-17, 2023-09-24"
ZI0605,"2023-09-03, 2023-09-10, 2023-09-17, 2023-09-24"
ZI0606,"2023-09-03, 2023-09-10, 2023-09-17, 2023-09-24"
ZI0607,"2023-09-03, 2023-09-10, 2023-09-17, 2023-09-24"
ZI0608,"2023-09-03, 2023-09-10, 2023-09-17, 2023-09-24"
ZI0609,"2023-09-03, 2023-09-10, 2023-09-17, 2023-09-24"
ZI0610,"2023-09-03, 2023-09-10, 2023-09-17, 2023-09-24"
ZI0611,"2023-09-03, 2023-09-10, 2023-09-17, 2023-09-24"
ZI0612,"2023-09-03, 2023-09-10, 2023-09-17, 2023-09-24"
ZI0613,"2023-09-03, 2023-09-10, 2023-09-17, 2023-09-24"
ZI0614,"2023-09-03, 2023-09-10, 2023-09-17, 2023-09-24"
ZI0615,"2023-09-03, 2023-09-10, 2023-09-17, 2023-09-24"
ZI0616,"2023-09-03, 2023-09-10, 2023-09-17, 2023-09-24"
ZI0617,"2023-09-03, 2023-09-10, 2023-09-17, 2023-09-24"
ZI0618,"2023-09-03, 2023-09-10, 2023-09-17, 2023-09-24"
ZI0619,"2023-09-03, 2023-09-10, 2023-09-17, 2023-09-24"
ZI0620,"2023-09-03, 2023-09-10, 2023-09-17, 2023-09-24"
ZI0621,"2023-09-03, 2023-09-10, 2023-09-17, 2023-09-24"
ZI0622,"2023-09-03, 2023-09-10, 2023-09-17, 2023-09-24"
ZI0623,"2023-09-03, 2023-09-10, 2023-09-17, 2023-09-24"
ZI0624,"2023-09-03, 2023-09-10, 2023-09-17, 2023-09-24"
ZI0625,"2023-09-03, 2023-09-10, 2023-09-17, 2023-09-24"
ZI0626,"2023-09-03, 2023-09-10, 2023-09-17, 2023-09-24"
ZI0627,"2023-09-03, 2023-09-10, 2023-09-17, 2023-09-24"
ZI0628,"2023-09-03, 2023-09-10, 2023-09-17, 2023-09-24"
ZI0629,"2023-09-03, 2023-09-10, 2023-09-17, 2023-09-24"
ZI0630,"2023-09-03, 2023-09-10, 2023-09-17, 2023-09-24"
ZI0631,"2023-09-03, 2023-09-10, 2023-09-17, 2023-09-24"
ZI0632,"2023-09-03, 2023-09-10, 2023-09-17, 2023-09-24"
ZI0633,"2023-09-03, 2023-09-10, 2023-09-17, 2023-09-24"
ZI0634,"2023-09-03, 2023-09-10, 2023-09-17, 2023-09-24"
ZI0635,"2023-09-03, 2023-09-10, 2023-09-17, 2023-09-24"
ZI0636,"2023-09-03, 2023-09-10, 2023-09-17, 2023-09-24"
ZI0637,"2023-09-03, 2023-09-10, 2023-09-17, 2023-09-24"
ZI0638,"2023-09-03, 2023-09-10, 2023-09-17, 2023-09-24"
ZI0639,"2023-09-03, 2023-09-10, 2023-09-17, 2023-09-24"
ZI0640,"2023-09-03, 2023-09-10, 2023-09-17, 2023-09-24"
ZI0641,"2023-09-03, 2023-09-10, 2023-09-17, 2023-09-24"
ZI0642,"2023-09-03, 2023-09-10, 2023-09-17, 2023-09-24"
ZI0643,"2023-09-03, 2023-09-10, 2023-09-17, 2023-09-24"
ZI0644,"2023-09-03, 2023-09-10, 2023-09-17, 2023-09-24"
ZI0645,"2023-09-03, 2023-09-10, 2023-09-17, 2023-09-24"
ZI0646,"2023-09-03, 2023-09-10, 2023-09-17, 2023-09-24"
ZI0647,"2023-09-03, 2023-09-10, 2023-09-17, 2023-09-24"
ZI0648,"2023-09-03, 2023-09-10, 2023-09-17, 2023-09-24"
ZI0649,"2023-09-03, 2023-09-10, 2023-09-17, 2023-09-24"
ZI0650,"2023-09-03, 2023-09-10, 2023-09-17, 2023-09-24"
ZI0651,"2023-09-03, 2023-09-10, 2023-09-17, 2023-09-24"
ZI0652,"2023-09-03, 2023-09-10, 2023-09-17, 2023-09-24"
ZI0653,"2023-09-03, 2023-09-10, 2023-09-17, 2023-09-24"
ZI0654,"2023-09-03, 2023-09-10, 2023-09-17, 2023-09-24"
ZI0655,"2023-09-03, 2023-09-10, 2023-09-17, 2023-09-24"
ZI0656,"2023-09-03, 2023-09-10, 2023-09-17, 2023-09-24"
ZI0657,"2023-09-03, 2023-09-10, 2023-09-17, 2023-09-24"
ZI0658,"2023-09-03, 2023-09-10, 2023-09-17, 2023-09-24"
ZI0659,"2023-09-03, 2023-09-10, 2023-09-17, 2023-09-24"
ZI0660,"2023-09-03, 2023-09-10, 2023-09-17, 2023-09-24"
ZI0661,"2023-09-03, 2023-09-10, 2023-09-17, 2023-09-24"
ZI0662,"2023-09-03, 2023-09-10, 2023-09-17, 2023-09-24"
ZI0663,"2023-09-03, 2023-09-10, 2023-09-17, 2023-09-24"
ZI0664,"2023-09-03, 2023-09-10, 2023-09-17, 2023-09-24"
ZI0665,"2023-09-03, 2023-09-10, 2023-09-17, 2023-09-24"
ZI0666,"2023-09-03, 2023-09-10, 2023-09-17, 2023-09-24"
ZI0667,"2023-09-03, 2023-09-10, 2023-09-17, 2023-09-24"
ZI0668,"2023-09-03, 2023-09-10, 2023-09-17, 2023-09-24"
ZI0669,"2023-09-03, 2023-09-10, 2023-09-17, 2023-09-24"
ZI0670,"2023-09-03, 2023-09-10, 2023-09-17, 2023-09-24"
ZI0671,"2023-09-03, 2023-09-10, 2023-09-17, 2023-09-24"
ZI0672,"2023-09-03, 2023-09-10, 2023-09-17, 2023-09-24"
ZI0673,"2023-09-03, 2023-09-10, 2023-09-17, 2023-09-24"
ZI0674,"2023-09-03, 2023-09-10, 2023-09-17, 2023-09-24"
ZI0675,"2023-09-03, 2023-09-10, 2023-09-17, 2023-09-24"
ZI0676,"2023-09-03, 2023-09-10, 2023-09-17, 2023-09-24"
ZI0677,"2023-09-03, 2023-09-10, 2023-09-17, 2023-09-24"
ZI0678,"2023-09-03, 2023-09-10, 2023-09-17, 2023-09-24"
ZI0679,"2023-09-03, 2023-09-10, 2023-09-17, 2023-09-24"
ZI0680,"2023-09-03, 2023-09-10, 2023-09-17, 2023-09-24"
ZI0681,"2023-09-03, 2023-09-10, 2023-09-17, 2023-09-24"
ZI0682,"2023-09-03, 2023-09-10, 2023-09-17, 2023-09-24"
ZI0683,"2023-09-03, 2023-09-10, 2023-09-17, 2023-09-24"
ZI0684,"2023-09-03, 2023-09-10, 2023-09-17, 2023-09-24"
ZI0685,"2023-09-03, 2023-09-10, 2023-09-17, 2023-09-24"
ZI0686,"2023-09-03, 2023-09-10, 2023-09-17, 2023-09-24"
ZI0687,"2023-09-03, 2023-09-10, 2023-09-17, 2023-09-24"
ZI0688,"2023-09-03, 2023-09-10, 2023-09-17, 2023-09-24"
ZI0689,"2023-09-03, 2023-09-10, 2023-09-17, 2023-09-24"
ZI0690,"2023-09-03, 2023-09-10, 2023-09-17, 2023-09-24"
ZI0691,"2023-09-03, 2023-09-10, 2023-09-17, 2023-09-24"
ZI0692,"2023-09-03, 2023-09-10, 2023-09-17, 2023-09-24"
ZI0693,"2023-09-03, 2023-09-10, 2023-09-17, 2023-09-24"
ZI0694,"2023-09-03, 2023-09-10, 2023-09-17, 2023-09-24"
ZI0695,"2023-09-03, 2023-09-10, 2023-09-17, 2023-09-24"
ZI0696,"2023-09-03, 2023-09-10, 2023-09-17, 2023-09-24"
ZI0698,"2023-09-03, 2023-09-10, 2023-09-17, 2023-09-24"
ZI0699,"2023-09-03, 2023-09-10, 2023-09-17, 2023-09-24"
ZI0702,"2023-09-03, 2023-09-10, 2023-09-17, 2023-09-24"
ZI0703,"2023-09-03, 2023-09-10, 2023-09-17, 2023-09-24"
ZI0704,"2023-09-03, 2023-09-10, 2023-09-17, 2023-09-24"
ZI0705,"2023-09-03, 2023-09-10, 2023-09-17, 2023-09-24"
ZI0706,"2023-09-03, 2023-09-10, 2023-09-17, 2023-09-24"
ZI0707,"2023-09-03, 2023-09-10, 2023-09-17, 2023-09-24"
ZI0708,"2023-09-03, 2023-09-10, 2023-09-17, 2023-09-24"
ZI0709,"2023-09-03, 2023-09-10, 2023-09-17, 2023-09-24"
ZI0710,"2023-09-03, 2023-09-10, 2023-09-17, 2023-09-24"
ZI0711,"2023-09-03, 2023-09-10, 2023-09-17, 2023-09-24"
ZI0712,"2023-09-03, 2023-09-10, 2023-09-17, 2023-09-24"
ZI0713,"2023-09-03, 2023-09-10, 2023-09-17, 2023-09-24"
ZI0714,"2023-09-03, 2023-09-10, 2023-09-17, 2023-09-24"
ZI0715,"2023-09-03, 2023-09-10, 2023-09-17, 2023-09-24"
ZI0716,"2023-09-03, 2023-09-10, 2023-09-17, 2023-09-24"
ZIO700,"2023-09-03, 2023-09-10, 2023-09-17, 2023-09-24"
ZIO701,"2023-09-03, 2023-09-10, 2023-09-17, 2023-09-24"
