TOKEN,COMCODE,PDATE,HOURS,MINUTES,MODE,PDTIME,MCIP,DEL
14,001,2024-12-01,14,9,0,2024-12-01 14:09:00,10.10.0.80,False
14,001,2024-12-02,0,49,1,2024-12-02 00:49:00,10.10.0.81,False
14,001,2024-12-04,13,35,0,2024-12-04 13:35:00,10.10.0.80,False
14,001,2024-12-05,0,20,1,2024-12-05 00:20:00,10.10.0.81,False
14,001,2024-12-05,13,29,0,2024-12-05 13:29:00,10.10.0.80,False
14,001,2024-12-06,1,5,1,2024-12-06 01:05:00,10.10.0.81,False
14,001,2024-12-06,13,33,0,2024-12-06 13:33:00,10.10.0.80,False
14,001,2024-12-07,0,47,1,2024-12-07 00:47:00,10.10.0.81,False
14,001,2024-12-08,13,54,0,2024-12-08 13:54:00,10.10.0.80,False
14,001,2024-12-09,0,16,1,2024-12-09 00:16:00,10.10.0.81,False
14,001,2024-12-09,13,17,0,2024-12-09 13:17:00,10.10.0.80,False
14,001,2024-12-10,0,43,1,2024-12-10 00:43:00,10.10.0.81,False
14,001,2024-12-10,13,55,0,2024-12-10 13:55:00,10.10.0.80,False
14,001,2024-12-11,0,47,1,2024-12-11 00:47:00,10.10.0.81,False
14,001,2024-12-11,13,1,0,2024-12-11 13:01:00,10.10.0.80,False
14,001,2024-12-12,1,24,1,2024-12-12 01:24:00,10.10.0.81,False
14,001,2024-12-12,13,57,0,2024-12-12 13:57:00,10.10.0.80,False
14,001,2024-12-13,1,42,1,2024-12-13 01:42:00,10.10.0.81,False
14,001,2024-12-13,13,48,0,2024-12-13 13:48:00,10.10.0.80,False
14,001,2024-12-14,1,42,1,2024-12-14 01:42:00,10.10.0.81,False
14,001,2024-12-14,13,51,0,2024-12-14 13:51:00,10.10.0.80,False
14,001,2024-12-15,0,52,1,2024-12-15 00:52:00,10.10.0.81,False
14,001,2024-12-15,14,9,0,2024-12-15 14:09:00,10.10.0.80,False
14,001,2024-12-16,0,22,1,2024-12-16 00:22:00,10.10.0.81,False
14,001,2024-12-16,13,52,0,2024-12-16 13:52:00,10.10.0.80,False
14,001,2024-12-17,0,29,1,2024-12-17 00:29:00,10.10.0.81,False
14,001,2024-12-17,14,3,0,2024-12-17 14:03:00,10.10.0.80,False
14,001,2024-12-18,12,20,1,2024-12-18 12:20:00,10.10.0.80,False
14,001,2024-12-19,13,45,0,2024-12-19 13:45:00,10.10.0.80,False
14,001,2024-12-20,0,33,1,2024-12-20 00:33:00,10.10.0.81,False
14,001,2024-12-20,13,49,0,2024-12-20 13:49:00,10.10.0.80,False
14,001,2024-12-21,0,54,1,2024-12-21 00:54:00,10.10.0.81,False
14,001,2024-12-21,14,5,0,2024-12-21 14:05:00,10.10.0.80,False
14,001,2024-12-22,0,24,1,2024-12-22 00:24:00,10.10.0.81,False
14,001,2024-12-22,14,10,0,2024-12-22 14:10:00,10.10.0.80,False
14,001,2024-12-23,0,55,1,2024-12-23 00:55:00,10.10.0.81,False
14,001,2024-12-23,13,51,0,2024-12-23 13:51:00,10.10.0.80,False
14,001,2024-12-24,0,19,1,2024-12-24 00:19:00,10.10.0.81,False
14,001,2024-12-24,14,2,0,2024-12-24 14:02:00,10.10.0.80,False
14,001,2024-12-24,23,58,1,2024-12-24 23:58:00,10.10.0.81,False
14,001,2024-12-26,13,49,0,2024-12-26 13:49:00,10.10.0.80,False
14,001,2024-12-27,0,42,1,2024-12-27 00:42:00,10.10.0.81,False
14,001,2024-12-27,13,28,0,2024-12-27 13:28:00,10.10.0.80,False
14,001,2024-12-28,0,53,1,2024-12-28 00:53:00,10.10.0.81,False
14,001,2024-12-28,13,53,0,2024-12-28 13:53:00,10.10.0.80,False
14,001,2024-12-28,23,57,1,2024-12-28 23:57:00,10.10.0.81,False
14,001,2024-12-29,13,37,0,2024-12-29 13:37:00,10.10.0.80,False
14,001,2024-12-30,1,1,1,2024-12-30 01:01:00,10.10.0.81,False
14,001,2024-12-31,13,12,0,2024-12-31 13:12:00,10.10.0.80,False
16,001,2024-12-01,12,57,0,2024-12-01 12:57:00,10.10.0.80,False
16,001,2024-12-01,23,31,1,2024-12-01 23:31:00,10.10.0.81,False
16,001,2024-12-02,13,4,0,2024-12-02 13:04:00,10.10.0.80,False
16,001,2024-12-02,23,30,1,2024-12-02 23:30:00,10.10.0.81,False
16,001,2024-12-03,13,2,0,2024-12-03 13:02:00,10.10.0.80,False
16,001,2024-12-04,1,30,1,2024-12-04 01:30:00,10.10.0.81,False
16,001,2024-12-04,13,38,0,2024-12-04 13:38:00,10.10.0.80,False
16,001,2024-12-04,23,25,1,2024-12-04 23:25:00,10.10.0.81,False
16,001,2024-12-05,12,58,0,2024-12-05 12:58:00,10.10.0.80,False
16,001,2024-12-05,23,5,1,2024-12-05 23:05:00,10.10.0.81,False
16,001,2024-12-07,13,4,0,2024-12-07 13:04:00,10.10.0.80,False
16,001,2024-12-07,23,12,1,2024-12-07 23:12:00,10.10.0.81,False
16,001,2024-12-08,13,19,0,2024-12-08 13:19:00,10.10.0.80,False
16,001,2024-12-09,0,36,1,2024-12-09 00:36:00,10.10.0.81,False
16,001,2024-12-09,13,12,0,2024-12-09 13:12:00,10.10.0.80,False
16,001,2024-12-10,0,5,1,2024-12-10 00:05:00,10.10.0.81,False
16,001,2024-12-10,12,53,0,2024-12-10 12:53:00,10.10.0.80,False
16,001,2024-12-10,23,9,1,2024-12-10 23:09:00,10.10.0.81,False
16,001,2024-12-11,12,20,0,2024-12-11 12:20:00,10.10.0.80,False
16,001,2024-12-11,22,27,1,2024-12-11 22:27:00,10.10.0.81,False
16,001,2024-12-12,13,12,0,2024-12-12 13:12:00,10.10.0.80,False
16,001,2024-12-13,0,9,1,2024-12-13 00:09:00,10.10.0.81,False
16,001,2024-12-13,13,18,0,2024-12-13 13:18:00,10.10.0.80,False
16,001,2024-12-14,1,22,1,2024-12-14 01:22:00,10.10.0.81,False
16,001,2024-12-16,13,17,0,2024-12-16 13:17:00,10.10.0.80,False
16,001,2024-12-17,0,0,1,2024-12-17 00:00:00,10.10.0.81,False
16,001,2024-12-17,13,20,0,2024-12-17 13:20:00,10.10.0.80,False
16,001,2024-12-18,0,17,1,2024-12-18 00:17:00,10.10.0.81,False
16,001,2024-12-18,12,33,0,2024-12-18 12:33:00,10.10.0.80,False
16,001,2024-12-18,23,26,1,2024-12-18 23:26:00,10.10.0.81,False
16,001,2024-12-19,12,49,0,2024-12-19 12:49:00,10.10.0.80,False
16,001,2024-12-19,22,38,1,2024-12-19 22:38:00,10.10.0.81,False
16,001,2024-12-20,13,35,0,2024-12-20 13:35:00,10.10.0.80,False
16,001,2024-12-20,23,21,1,2024-12-20 23:21:00,10.10.0.81,False
16,001,2024-12-21,13,58,0,2024-12-21 13:58:00,10.10.0.80,False
16,001,2024-12-22,0,24,1,2024-12-22 00:24:00,10.10.0.81,False
16,001,2024-12-22,12,40,0,2024-12-22 12:40:00,10.10.0.80,False
16,001,2024-12-22,21,19,1,2024-12-22 21:19:00,10.10.0.81,False
16,001,2024-12-23,14,7,0,2024-12-23 14:07:00,10.10.0.80,False
16,001,2024-12-24,0,18,1,2024-12-24 00:18:00,10.10.0.81,False
16,001,2024-12-24,13,20,0,2024-12-24 13:20:00,10.10.0.80,False
16,001,2024-12-24,23,1,1,2024-12-24 23:01:00,10.10.0.81,False
16,001,2024-12-25,13,28,0,2024-12-25 13:28:00,10.10.0.80,False
16,001,2024-12-26,0,1,1,2024-12-26 00:01:00,10.10.0.81,False
16,001,2024-12-28,13,35,0,2024-12-28 13:35:00,10.10.0.80,False
16,001,2024-12-28,23,37,1,2024-12-28 23:37:00,10.10.0.81,False
16,001,2024-12-29,13,15,0,2024-12-29 13:15:00,10.10.0.80,False
16,001,2024-12-30,0,45,1,2024-12-30 00:45:00,10.10.0.81,False
16,001,2024-12-30,13,49,0,2024-12-30 13:49:00,10.10.0.80,False
16,001,2024-12-30,23,59,1,2024-12-30 23:59:00,10.10.0.81,False
16,001,2024-12-31,13,24,0,2024-12-31 13:24:00,10.10.0.80,False
27,001,2024-12-01,21,37,0,2024-12-01 21:37:00,10.10.0.80,False
27,001,2024-12-02,7,32,1,2024-12-02 07:32:00,10.10.0.81,False
27,001,2024-12-02,21,33,0,2024-12-02 21:33:00,10.10.0.80,False
27,001,2024-12-03,7,57,1,2024-12-03 07:57:00,10.10.0.81,False
27,001,2024-12-03,21,33,0,2024-12-03 21:33:00,10.10.0.80,False
27,001,2024-12-04,7,15,1,2024-12-04 07:15:00,10.10.0.81,False
27,001,2024-12-04,21,37,0,2024-12-04 21:37:00,10.10.0.80,False
27,001,2024-12-05,7,16,1,2024-12-05 07:16:00,10.10.0.81,False
27,001,2024-12-05,21,40,0,2024-12-05 21:40:00,10.10.0.80,False
27,001,2024-12-06,7,26,1,2024-12-06 07:26:00,10.10.0.81,False
27,001,2024-12-06,21,36,0,2024-12-06 21:36:00,10.10.0.80,False
27,001,2024-12-07,7,10,1,2024-12-07 07:10:00,10.10.0.81,False
27,001,2024-12-07,21,34,0,2024-12-07 21:34:00,10.10.0.80,False
27,001,2024-12-08,7,34,1,2024-12-08 07:34:00,10.10.0.81,False
27,001,2024-12-08,21,36,0,2024-12-08 21:36:00,10.10.0.80,False
27,001,2024-12-09,7,26,1,2024-12-09 07:26:00,10.10.0.81,False
27,001,2024-12-09,21,31,0,2024-12-09 21:31:00,10.10.0.80,False
27,001,2024-12-10,7,50,1,2024-12-10 07:50:00,10.10.0.81,False
27,001,2024-12-10,21,38,0,2024-12-10 21:38:00,10.10.0.80,False
27,001,2024-12-11,7,11,1,2024-12-11 07:11:00,10.10.0.81,False
27,001,2024-12-11,21,38,0,2024-12-11 21:38:00,10.10.0.80,False
27,001,2024-12-12,7,28,1,2024-12-12 07:28:00,10.10.0.81,False
27,001,2024-12-12,21,42,0,2024-12-12 21:42:00,10.10.0.80,False
27,001,2024-12-13,7,22,1,2024-12-13 07:22:00,10.10.0.81,False
27,001,2024-12-13,21,41,0,2024-12-13 21:41:00,10.10.0.80,False
27,001,2024-12-14,7,14,1,2024-12-14 07:14:00,10.10.0.81,False
27,001,2024-12-14,21,39,0,2024-12-14 21:39:00,10.10.0.80,False
27,001,2024-12-15,7,13,1,2024-12-15 07:13:00,10.10.0.81,False
27,001,2024-12-15,21,34,0,2024-12-15 21:34:00,10.10.0.80,False
27,001,2024-12-16,7,23,1,2024-12-16 07:23:00,10.10.0.81,False
27,001,2024-12-19,21,42,0,2024-12-19 21:42:00,10.10.0.80,False
27,001,2024-12-20,7,19,1,2024-12-20 07:19:00,10.10.0.81,False
27,001,2024-12-20,21,45,0,2024-12-20 21:45:00,10.10.0.80,False
27,001,2024-12-21,7,18,1,2024-12-21 07:18:00,10.10.0.81,False
27,001,2024-12-21,21,27,0,2024-12-21 21:27:00,10.10.0.80,False
27,001,2024-12-22,7,37,1,2024-12-22 07:37:00,10.10.0.81,False
27,001,2024-12-23,21,40,0,2024-12-23 21:40:00,10.10.0.80,False
27,001,2024-12-24,7,23,1,2024-12-24 07:23:00,10.10.0.81,False
27,001,2024-12-24,21,18,0,2024-12-24 21:18:00,10.10.0.80,False
27,001,2024-12-25,7,18,1,2024-12-25 07:18:00,10.10.0.81,False
27,001,2024-12-26,21,32,0,2024-12-26 21:32:00,10.10.0.80,False
27,001,2024-12-27,7,12,1,2024-12-27 07:12:00,10.10.0.81,False
27,001,2024-12-27,21,33,0,2024-12-27 21:33:00,10.10.0.80,False
27,001,2024-12-28,7,26,1,2024-12-28 07:26:00,10.10.0.81,False
27,001,2024-12-28,21,30,0,2024-12-28 21:30:00,10.10.0.80,False
27,001,2024-12-29,7,14,1,2024-12-29 07:14:00,10.10.0.81,False
27,001,2024-12-29,21,35,0,2024-12-29 21:35:00,10.10.0.80,False
27,001,2024-12-30,7,17,1,2024-12-30 07:17:00,10.10.0.81,False
27,001,2024-12-30,21,40,0,2024-12-30 21:40:00,10.10.0.80,False
27,001,2024-12-31,7,16,1,2024-12-31 07:16:00,10.10.0.81,False
27,001,2024-12-31,21,36,0,2024-12-31 21:36:00,10.10.0.80,False
92,001,2024-12-01,21,37,0,2024-12-01 21:37:00,10.10.0.80,False
92,001,2024-12-02,7,45,1,2024-12-02 07:45:00,10.10.0.81,False
92,001,2024-12-02,21,30,0,2024-12-02 21:30:00,10.10.0.80,False
92,001,2024-12-03,7,34,1,2024-12-03 07:34:00,10.10.0.81,False
92,001,2024-12-03,21,33,0,2024-12-03 21:33:00,10.10.0.80,False
92,001,2024-12-04,7,38,1,2024-12-04 07:38:00,10.10.0.81,False
92,001,2024-12-04,21,37,0,2024-12-04 21:37:00,10.10.0.80,False
92,001,2024-12-05,7,37,1,2024-12-05 07:37:00,10.10.0.81,False
92,001,2024-12-05,21,40,0,2024-12-05 21:40:00,10.10.0.80,False
92,001,2024-12-06,7,31,1,2024-12-06 07:31:00,10.10.0.81,False
92,001,2024-12-06,21,36,0,2024-12-06 21:36:00,10.10.0.80,False
92,001,2024-12-07,7,15,1,2024-12-07 07:15:00,10.10.0.81,False
92,001,2024-12-07,21,34,0,2024-12-07 21:34:00,10.10.0.80,False
92,001,2024-12-08,8,2,1,2024-12-08 08:02:00,10.10.0.81,False
92,001,2024-12-08,21,37,0,2024-12-08 21:37:00,10.10.0.80,False
92,001,2024-12-09,7,39,1,2024-12-09 07:39:00,10.10.0.81,False
92,001,2024-12-09,21,31,0,2024-12-09 21:31:00,10.10.0.80,False
92,001,2024-12-10,8,0,1,2024-12-10 08:00:00,10.10.0.81,False
92,001,2024-12-10,21,38,0,2024-12-10 21:38:00,10.10.0.80,False
92,001,2024-12-11,7,12,1,2024-12-11 07:12:00,10.10.0.81,False
92,001,2024-12-11,21,37,0,2024-12-11 21:37:00,10.10.0.80,False
92,001,2024-12-12,7,35,1,2024-12-12 07:35:00,10.10.0.81,False
92,001,2024-12-12,21,39,0,2024-12-12 21:39:00,10.10.0.80,False
92,001,2024-12-13,7,36,1,2024-12-13 07:36:00,10.10.0.81,False
92,001,2024-12-13,21,44,0,2024-12-13 21:44:00,10.10.0.80,False
92,001,2024-12-13,22,19,1,2024-12-13 22:19:00,10.10.0.81,False
92,001,2024-12-16,21,24,0,2024-12-16 21:24:00,10.10.0.80,False
92,001,2024-12-17,7,32,1,2024-12-17 07:32:00,10.10.0.81,False
92,001,2024-12-17,21,59,0,2024-12-17 21:59:00,10.10.0.80,False
92,001,2024-12-18,7,19,1,2024-12-18 07:19:00,10.10.0.81,False
92,001,2024-12-18,21,31,0,2024-12-18 21:31:00,10.10.0.80,False
92,001,2024-12-19,7,29,1,2024-12-19 07:29:00,10.10.0.81,False
92,001,2024-12-20,21,45,0,2024-12-20 21:45:00,10.10.0.80,False
92,001,2024-12-21,7,26,1,2024-12-21 07:26:00,10.10.0.81,False
92,001,2024-12-21,21,38,0,2024-12-21 21:38:00,10.10.0.80,False
92,001,2024-12-22,7,42,1,2024-12-22 07:42:00,10.10.0.81,False
92,001,2024-12-22,21,46,0,2024-12-22 21:46:00,10.10.0.80,False
92,001,2024-12-23,7,25,1,2024-12-23 07:25:00,10.10.0.81,False
92,001,2024-12-23,21,43,0,2024-12-23 21:43:00,10.10.0.80,False
92,001,2024-12-24,7,33,1,2024-12-24 07:33:00,10.10.0.81,False
92,001,2024-12-25,21,35,0,2024-12-25 21:35:00,10.10.0.80,False
92,001,2024-12-26,7,26,1,2024-12-26 07:26:00,10.10.0.81,False
92,001,2024-12-26,21,49,0,2024-12-26 21:49:00,10.10.0.80,False
92,001,2024-12-27,7,19,1,2024-12-27 07:19:00,10.10.0.81,False
92,001,2024-12-27,21,30,0,2024-12-27 21:30:00,10.10.0.80,False
92,001,2024-12-28,21,37,1,2024-12-28 21:37:00,10.10.0.81,False
92,001,2024-12-29,21,39,0,2024-12-29 21:39:00,10.10.0.80,False
92,001,2024-12-30,7,34,1,2024-12-30 07:34:00,10.10.0.81,False
92,001,2024-12-30,21,43,0,2024-12-30 21:43:00,10.10.0.80,False
92,001,2024-12-31,20,0,1,2024-12-31 20:00:00,Manual Entery-1,False
92,001,2024-12-31,21,38,0,2024-12-31 21:38:00,10.10.0.80,False
95,001,2024-12-02,13,9,0,2024-12-02 13:09:00,10.10.0.80,False
95,001,2024-12-02,23,32,1,2024-12-02 23:32:00,10.10.0.81,False
95,001,2024-12-03,13,12,0,2024-12-03 13:12:00,10.10.0.80,False
95,001,2024-12-03,23,31,1,2024-12-03 23:31:00,10.10.0.81,False
95,001,2024-12-04,12,57,0,2024-12-04 12:57:00,10.10.0.80,False
95,001,2024-12-04,23,37,1,2024-12-04 23:37:00,10.10.0.81,False
95,001,2024-12-05,13,0,0,2024-12-05 13:00:00,10.10.0.80,False
95,001,2024-12-06,0,12,1,2024-12-06 00:12:00,10.10.0.81,False
95,001,2024-12-06,13,5,0,2024-12-06 13:05:00,10.10.0.80,False
95,001,2024-12-06,23,42,1,2024-12-06 23:42:00,10.10.0.81,False
95,001,2024-12-07,13,28,0,2024-12-07 13:28:00,10.10.0.80,False
95,001,2024-12-07,23,50,1,2024-12-07 23:50:00,10.10.0.81,False
95,001,2024-12-08,13,7,0,2024-12-08 13:07:00,10.10.0.80,False
95,001,2024-12-08,23,45,1,2024-12-08 23:45:00,10.10.0.81,False
95,001,2024-12-09,13,5,0,2024-12-09 13:05:00,10.10.0.80,False
95,001,2024-12-09,23,13,1,2024-12-09 23:13:00,10.10.0.81,False
95,001,2024-12-10,13,8,0,2024-12-10 13:08:00,10.10.0.80,False
95,001,2024-12-10,23,50,1,2024-12-10 23:50:00,10.10.0.81,False
95,001,2024-12-11,13,1,0,2024-12-11 13:01:00,10.10.0.80,False
95,001,2024-12-11,23,27,1,2024-12-11 23:27:00,10.10.0.81,False
95,001,2024-12-12,12,38,0,2024-12-12 12:38:00,10.10.0.80,False
95,001,2024-12-12,23,40,1,2024-12-12 23:40:00,10.10.0.81,False
95,001,2024-12-14,7,46,0,2024-12-14 07:46:00,10.10.0.80,False
95,001,2024-12-14,13,43,1,2024-12-14 13:43:00,10.10.0.81,False
95,001,2024-12-14,18,39,0,2024-12-14 18:39:00,10.10.0.80,False
95,001,2024-12-15,0,8,1,2024-12-15 00:08:00,10.10.0.81,False
95,001,2024-12-15,14,13,0,2024-12-15 14:13:00,10.10.0.80,False
95,001,2024-12-15,23,58,1,2024-12-15 23:58:00,10.10.0.81,False
95,001,2024-12-16,13,32,0,2024-12-16 13:32:00,10.10.0.80,False
95,001,2024-12-16,23,39,1,2024-12-16 23:39:00,10.10.0.81,False
95,001,2024-12-17,12,54,0,2024-12-17 12:54:00,10.10.0.80,False
95,001,2024-12-17,22,40,1,2024-12-17 22:40:00,10.10.0.81,False
95,001,2024-12-18,12,17,0,2024-12-18 12:17:00,10.10.0.80,False
95,001,2024-12-18,21,14,1,2024-12-18 21:14:00,10.10.0.81,False
95,001,2024-12-19,22,23,0,2024-12-19 22:23:00,10.10.0.80,False
95,001,2024-12-20,8,38,1,2024-12-20 08:38:00,10.10.0.81,False
95,001,2024-12-20,22,27,0,2024-12-20 22:27:00,10.10.0.80,False
95,001,2024-12-21,8,12,1,2024-12-21 08:12:00,10.10.0.81,False
95,001,2024-12-21,22,25,0,2024-12-21 22:25:00,10.10.0.80,False
95,001,2024-12-22,8,36,1,2024-12-22 08:36:00,10.10.0.81,False
95,001,2024-12-22,22,11,0,2024-12-22 22:11:00,10.10.0.80,False
95,001,2024-12-23,7,59,1,2024-12-23 07:59:00,10.10.0.81,False
95,001,2024-12-23,22,46,0,2024-12-23 22:46:00,10.10.0.80,False
95,001,2024-12-24,8,29,1,2024-12-24 08:29:00,10.10.0.81,False
95,001,2024-12-25,14,48,0,2024-12-25 14:48:00,10.10.0.80,False
95,001,2024-12-25,23,35,1,2024-12-25 23:35:00,10.10.0.81,False
95,001,2024-12-26,12,51,0,2024-12-26 12:51:00,10.10.0.80,False
95,001,2024-12-26,23,40,1,2024-12-26 23:40:00,10.10.0.81,False
95,001,2024-12-27,12,52,0,2024-12-27 12:52:00,10.10.0.80,False
95,001,2024-12-27,23,33,1,2024-12-27 23:33:00,10.10.0.81,False
95,001,2024-12-30,12,57,0,2024-12-30 12:57:00,10.10.0.80,False
95,001,2024-12-30,23,41,1,2024-12-30 23:41:00,10.10.0.81,False
95,001,2024-12-31,10,32,0,2024-12-31 10:32:00,10.10.0.80,False
95,001,2024-12-31,14,9,1,2024-12-31 14:09:00,10.10.0.81,False
95,001,2024-12-31,18,27,0,2024-12-31 18:27:00,10.10.0.80,False
113,001,2024-12-01,10,53,0,2024-12-01 10:53:00,10.10.0.80,False
113,001,2024-12-01,15,6,1,2024-12-01 15:06:00,10.10.0.81,False
113,001,2024-12-01,19,29,0,2024-12-01 19:29:00,10.10.0.80,False
113,001,2024-12-02,0,6,1,2024-12-02 00:06:00,10.10.0.81,False
113,001,2024-12-02,10,46,0,2024-12-02 10:46:00,10.10.0.80,False
113,001,2024-12-02,14,52,1,2024-12-02 14:52:00,10.10.0.81,False
113,001,2024-12-02,19,11,0,2024-12-02 19:11:00,10.10.0.80,False
113,001,2024-12-03,0,0,1,2024-12-03 00:00:00,10.10.0.81,False
113,001,2024-12-03,10,29,0,2024-12-03 10:29:00,10.10.0.80,False
113,001,2024-12-03,15,17,1,2024-12-03 15:17:00,10.10.0.81,False
113,001,2024-12-03,18,58,0,2024-12-03 18:58:00,10.10.0.80,False
113,001,2024-12-03,23,47,1,2024-12-03 23:47:00,10.10.0.81,False
113,001,2024-12-04,10,52,0,2024-12-04 10:52:00,10.10.0.80,False
113,001,2024-12-04,15,25,1,2024-12-04 15:25:00,10.10.0.81,False
113,001,2024-12-04,18,55,0,2024-12-04 18:55:00,10.10.0.80,False
113,001,2024-12-04,23,41,1,2024-12-04 23:41:00,10.10.0.81,False
113,001,2024-12-05,10,41,0,2024-12-05 10:41:00,10.10.0.80,False
113,001,2024-12-05,15,7,1,2024-12-05 15:07:00,10.10.0.81,False
113,001,2024-12-05,19,2,0,2024-12-05 19:02:00,10.10.0.80,False
113,001,2024-12-05,23,45,1,2024-12-05 23:45:00,10.10.0.81,False
113,001,2024-12-06,11,4,0,2024-12-06 11:04:00,10.10.0.80,False
113,001,2024-12-06,15,21,1,2024-12-06 15:21:00,10.10.0.81,False
113,001,2024-12-06,19,12,0,2024-12-06 19:12:00,10.10.0.80,False
113,001,2024-12-06,23,58,1,2024-12-06 23:58:00,10.10.0.81,False
113,001,2024-12-07,11,17,0,2024-12-07 11:17:00,10.10.0.80,False
113,001,2024-12-07,15,46,1,2024-12-07 15:46:00,10.10.0.81,False
113,001,2024-12-07,18,59,0,2024-12-07 18:59:00,10.10.0.80,False
113,001,2024-12-07,23,57,1,2024-12-07 23:57:00,10.10.0.81,False
113,001,2024-12-08,10,37,0,2024-12-08 10:37:00,10.10.0.80,False
113,001,2024-12-08,15,18,1,2024-12-08 15:18:00,10.10.0.81,False
113,001,2024-12-08,18,40,0,2024-12-08 18:40:00,10.10.0.80,False
113,001,2024-12-08,23,37,1,2024-12-08 23:37:00,10.10.0.81,False
113,001,2024-12-09,11,2,0,2024-12-09 11:02:00,10.10.0.80,False
113,001,2024-12-09,15,20,1,2024-12-09 15:20:00,10.10.0.81,False
113,001,2024-12-09,18,31,0,2024-12-09 18:31:00,10.10.0.80,False
113,001,2024-12-09,23,27,1,2024-12-09 23:27:00,10.10.0.81,False
113,001,2024-12-10,9,21,0,2024-12-10 09:21:00,10.10.0.80,False
113,001,2024-12-10,13,54,1,2024-12-10 13:54:00,10.10.0.81,False
113,001,2024-12-10,18,27,0,2024-12-10 18:27:00,10.10.0.80,False
113,001,2024-12-10,23,35,1,2024-12-10 23:35:00,10.10.0.81,False
113,001,2024-12-11,9,32,0,2024-12-11 09:32:00,10.10.0.80,False
113,001,2024-12-11,15,54,1,2024-12-11 15:54:00,10.10.0.81,False
113,001,2024-12-11,19,11,0,2024-12-11 19:11:00,10.10.0.80,False
113,001,2024-12-11,23,38,1,2024-12-11 23:38:00,10.10.0.81,False
113,001,2024-12-12,8,57,0,2024-12-12 08:57:00,10.10.0.80,False
113,001,2024-12-12,14,37,1,2024-12-12 14:37:00,10.10.0.81,False
113,001,2024-12-12,19,6,0,2024-12-12 19:06:00,10.10.0.81,False
113,001,2024-12-12,23,33,1,2024-12-12 23:33:00,10.10.0.81,False
113,001,2024-12-13,10,16,0,2024-12-13 10:16:00,10.10.0.80,False
113,001,2024-12-13,15,39,1,2024-12-13 15:39:00,10.10.0.81,False
113,001,2024-12-13,19,40,0,2024-12-13 19:40:00,10.10.0.80,False
113,001,2024-12-13,23,34,1,2024-12-13 23:34:00,10.10.0.81,False
113,001,2024-12-14,10,5,0,2024-12-14 10:05:00,10.10.0.80,False
113,001,2024-12-14,15,13,1,2024-12-14 15:13:00,10.10.0.81,False
113,001,2024-12-14,18,17,0,2024-12-14 18:17:00,10.10.0.80,False
113,001,2024-12-14,21,13,1,2024-12-14 21:13:00,10.10.0.81,False
113,001,2024-12-16,10,7,0,2024-12-16 10:07:00,10.10.0.80,False
113,001,2024-12-16,15,20,1,2024-12-16 15:20:00,10.10.0.81,False
113,001,2024-12-16,19,19,0,2024-12-16 19:19:00,10.10.0.80,False
113,001,2024-12-16,23,56,1,2024-12-16 23:56:00,10.10.0.81,False
113,001,2024-12-17,9,43,0,2024-12-17 09:43:00,10.10.0.80,False
113,001,2024-12-17,15,10,1,2024-12-17 15:10:00,10.10.0.81,False
113,001,2024-12-17,19,6,0,2024-12-17 19:06:00,10.10.0.80,False
113,001,2024-12-17,23,25,1,2024-12-17 23:25:00,10.10.0.81,False
113,001,2024-12-18,10,10,0,2024-12-18 10:10:00,10.10.0.80,False
113,001,2024-12-18,15,18,1,2024-12-18 15:18:00,10.10.0.81,False
113,001,2024-12-18,19,9,0,2024-12-18 19:09:00,10.10.0.80,False
113,001,2024-12-18,23,53,1,2024-12-18 23:53:00,10.10.0.81,False
113,001,2024-12-19,10,19,0,2024-12-19 10:19:00,10.10.0.80,False
113,001,2024-12-19,13,43,1,2024-12-19 13:43:00,10.10.0.81,False
113,001,2024-12-20,10,2,0,2024-12-20 10:02:00,10.10.0.80,False
113,001,2024-12-20,16,11,1,2024-12-20 16:11:00,10.10.0.81,False
113,001,2024-12-20,19,37,0,2024-12-20 19:37:00,10.10.0.80,False
113,001,2024-12-20,23,52,1,2024-12-20 23:52:00,10.10.0.81,False
113,001,2024-12-21,10,38,0,2024-12-21 10:38:00,10.10.0.80,False
113,001,2024-12-21,14,15,1,2024-12-21 14:15:00,10.10.0.81,False
113,001,2024-12-22,10,35,0,2024-12-22 10:35:00,10.10.0.80,False
113,001,2024-12-22,15,6,1,2024-12-22 15:06:00,10.10.0.81,False
113,001,2024-12-22,18,53,0,2024-12-22 18:53:00,10.10.0.80,False
113,001,2024-12-22,23,34,1,2024-12-22 23:34:00,10.10.0.81,False
113,001,2024-12-23,10,34,0,2024-12-23 10:34:00,10.10.0.80,False
113,001,2024-12-23,15,52,1,2024-12-23 15:52:00,10.10.0.81,False
113,001,2024-12-23,19,10,0,2024-12-23 19:10:00,10.10.0.80,False
113,001,2024-12-23,23,19,1,2024-12-23 23:19:00,10.10.0.81,False
113,001,2024-12-24,10,25,0,2024-12-24 10:25:00,10.10.0.80,False
113,001,2024-12-24,15,30,1,2024-12-24 15:30:00,10.10.0.81,False
113,001,2024-12-24,19,13,0,2024-12-24 19:13:00,10.10.0.80,False
113,001,2024-12-24,23,49,1,2024-12-24 23:49:00,10.10.0.81,False
113,001,2024-12-25,10,33,0,2024-12-25 10:33:00,10.10.0.80,False
113,001,2024-12-25,15,23,1,2024-12-25 15:23:00,10.10.0.81,False
113,001,2024-12-25,19,36,0,2024-12-25 19:36:00,10.10.0.80,False
113,001,2024-12-25,23,10,1,2024-12-25 23:10:00,10.10.0.81,False
113,001,2024-12-26,10,16,0,2024-12-26 10:16:00,10.10.0.80,False
113,001,2024-12-26,15,40,1,2024-12-26 15:40:00,10.10.0.81,False
113,001,2024-12-26,19,5,0,2024-12-26 19:05:00,10.10.0.80,False
113,001,2024-12-26,23,44,1,2024-12-26 23:44:00,10.10.0.81,False
113,001,2024-12-27,10,52,0,2024-12-27 10:52:00,10.10.0.80,False
113,001,2024-12-27,15,11,1,2024-12-27 15:11:00,10.10.0.81,False
113,001,2024-12-28,10,27,0,2024-12-28 10:27:00,10.10.0.80,False
113,001,2024-12-28,13,56,1,2024-12-28 13:56:00,10.10.0.81,False
113,001,2024-12-30,10,19,0,2024-12-30 10:19:00,10.10.0.80,False
113,001,2024-12-30,15,22,1,2024-12-30 15:22:00,10.10.0.81,False
113,001,2024-12-30,20,29,0,2024-12-30 20:29:00,10.10.0.80,False
113,001,2024-12-30,23,57,1,2024-12-30 23:57:00,10.10.0.81,False
113,001,2024-12-31,10,42,0,2024-12-31 10:42:00,10.10.0.80,False
113,001,2024-12-31,15,27,1,2024-12-31 15:27:00,10.10.0.81,False
113,001,2024-12-31,18,59,0,2024-12-31 18:59:00,10.10.0.80,False
123,001,2024-12-02,17,0,0,2024-12-02 17:00:00,10.10.0.80,False
123,001,2024-12-02,23,27,1,2024-12-02 23:27:00,10.10.0.81,False
123,001,2024-12-03,13,44,0,2024-12-03 13:44:00,10.10.0.80,False
123,001,2024-12-03,23,29,1,2024-12-03 23:29:00,10.10.0.81,False
123,001,2024-12-04,13,51,0,2024-12-04 13:51:00,10.10.0.80,False
123,001,2024-12-04,23,29,1,2024-12-04 23:29:00,10.10.0.81,False
123,001,2024-12-05,13,43,0,2024-12-05 13:43:00,10.10.0.80,False
123,001,2024-12-05,23,27,1,2024-12-05 23:27:00,10.10.0.81,False
123,001,2024-12-06,13,33,0,2024-12-06 13:33:00,10.10.0.80,False
123,001,2024-12-06,23,20,1,2024-12-06 23:20:00,10.10.0.81,False
123,001,2024-12-07,13,55,0,2024-12-07 13:55:00,10.10.0.80,False
123,001,2024-12-07,23,38,1,2024-12-07 23:38:00,10.10.0.81,False
123,001,2024-12-08,11,22,0,2024-12-08 11:22:00,10.10.0.80,False
123,001,2024-12-08,15,48,1,2024-12-08 15:48:00,10.10.0.81,False
123,001,2024-12-08,18,26,0,2024-12-08 18:26:00,10.10.0.80,False
123,001,2024-12-08,23,31,1,2024-12-08 23:31:00,10.10.0.81,False
123,001,2024-12-09,13,44,0,2024-12-09 13:44:00,10.10.0.80,False
123,001,2024-12-09,23,25,1,2024-12-09 23:25:00,10.10.0.81,False
123,001,2024-12-10,13,40,0,2024-12-10 13:40:00,10.10.0.80,False
123,001,2024-12-10,23,34,1,2024-12-10 23:34:00,10.10.0.81,False
123,001,2024-12-11,13,23,0,2024-12-11 13:23:00,10.10.0.80,False
123,001,2024-12-11,23,13,1,2024-12-11 23:13:00,10.10.0.81,False
123,001,2024-12-12,13,36,0,2024-12-12 13:36:00,10.10.0.80,False
123,001,2024-12-12,23,19,1,2024-12-12 23:19:00,10.10.0.81,False
123,001,2024-12-13,13,38,0,2024-12-13 13:38:00,10.10.0.80,False
123,001,2024-12-13,23,27,1,2024-12-13 23:27:00,10.10.0.81,False
123,001,2024-12-14,13,35,0,2024-12-14 13:35:00,10.10.0.80,False
123,001,2024-12-14,23,39,1,2024-12-14 23:39:00,10.10.0.81,False
123,001,2024-12-15,10,59,0,2024-12-15 10:59:00,10.10.0.80,False
123,001,2024-12-15,15,36,1,2024-12-15 15:36:00,10.10.0.81,False
123,001,2024-12-15,18,7,0,2024-12-15 18:07:00,10.10.0.80,False
123,001,2024-12-15,23,30,1,2024-12-15 23:30:00,10.10.0.81,False
123,001,2024-12-16,13,32,0,2024-12-16 13:32:00,10.10.0.80,False
123,001,2024-12-16,23,30,1,2024-12-16 23:30:00,10.10.0.81,False
123,001,2024-12-17,13,46,0,2024-12-17 13:46:00,10.10.0.80,False
123,001,2024-12-17,23,21,1,2024-12-17 23:21:00,10.10.0.81,False
123,001,2024-12-18,13,52,0,2024-12-18 13:52:00,10.10.0.80,False
123,001,2024-12-18,23,30,1,2024-12-18 23:30:00,10.10.0.81,False
123,001,2024-12-19,13,39,0,2024-12-19 13:39:00,10.10.0.80,False
123,001,2024-12-19,23,44,1,2024-12-19 23:44:00,10.10.0.81,False
123,001,2024-12-20,13,0,0,2024-12-20 13:00:00,10.10.0.80,False
123,001,2024-12-20,23,59,1,2024-12-20 23:59:00,10.10.0.81,False
123,001,2024-12-21,14,28,0,2024-12-21 14:28:00,10.10.0.80,False
123,001,2024-12-21,23,41,1,2024-12-21 23:41:00,10.10.0.81,False
123,001,2024-12-22,11,20,0,2024-12-22 11:20:00,10.10.0.80,False
123,001,2024-12-22,15,43,1,2024-12-22 15:43:00,10.10.0.81,False
123,001,2024-12-22,18,2,0,2024-12-22 18:02:00,10.10.0.80,False
123,001,2024-12-22,23,25,1,2024-12-22 23:25:00,10.10.0.81,False
123,001,2024-12-23,19,13,0,2024-12-23 19:13:00,10.10.0.80,False
123,001,2024-12-23,22,48,1,2024-12-23 22:48:00,10.10.0.81,False
123,001,2024-12-30,17,50,0,2024-12-30 17:50:00,10.10.0.80,False
123,001,2024-12-30,23,8,1,2024-12-30 23:08:00,10.10.0.81,False
123,001,2024-12-31,10,39,0,2024-12-31 10:39:00,10.10.0.80,False
123,001,2024-12-31,15,37,1,2024-12-31 15:37:00,10.10.0.81,False
123,001,2024-12-31,18,39,0,2024-12-31 18:39:00,10.10.0.80,False
128,001,2024-12-01,7,15,0,2024-12-01 07:15:00,10.10.0.80,False
128,001,2024-12-01,16,5,1,2024-12-01 16:05:00,10.10.0.81,False
128,001,2024-12-03,6,38,0,2024-12-03 06:38:00,10.10.0.80,False
128,001,2024-12-03,17,34,1,2024-12-03 17:34:00,10.10.0.81,False
128,001,2024-12-04,6,46,0,2024-12-04 06:46:00,10.10.0.80,False
128,001,2024-12-04,17,17,1,2024-12-04 17:17:00,10.10.0.81,False
128,001,2024-12-05,7,32,0,2024-12-05 07:32:00,10.10.0.80,False
128,001,2024-12-05,16,15,1,2024-12-05 16:15:00,10.10.0.81,False
128,001,2024-12-06,7,13,0,2024-12-06 07:13:00,10.10.0.80,False
128,001,2024-12-06,13,26,1,2024-12-06 13:26:00,10.10.0.81,False
128,001,2024-12-07,7,33,0,2024-12-07 07:33:00,10.10.0.80,False
128,001,2024-12-07,16,57,1,2024-12-07 16:57:00,10.10.0.81,False
128,001,2024-12-09,6,41,0,2024-12-09 06:41:00,10.10.0.80,False
128,001,2024-12-09,16,55,1,2024-12-09 16:55:00,10.10.0.81,False
128,001,2024-12-10,6,37,0,2024-12-10 06:37:00,10.10.0.80,False
128,001,2024-12-10,16,42,1,2024-12-10 16:42:00,10.10.0.81,False
128,001,2024-12-11,6,27,0,2024-12-11 06:27:00,10.10.0.80,False
128,001,2024-12-11,18,28,1,2024-12-11 18:28:00,10.10.0.81,False
128,001,2024-12-12,6,35,0,2024-12-12 06:35:00,10.10.0.80,False
128,001,2024-12-12,16,37,1,2024-12-12 16:37:00,10.10.0.81,False
128,001,2024-12-13,6,55,0,2024-12-13 06:55:00,10.10.0.80,False
128,001,2024-12-13,13,36,1,2024-12-13 13:36:00,10.10.0.81,False
128,001,2024-12-16,7,16,0,2024-12-16 07:16:00,10.10.0.80,False
128,001,2024-12-16,15,38,1,2024-12-16 15:38:00,10.10.0.81,False
128,001,2024-12-17,6,50,0,2024-12-17 06:50:00,10.10.0.80,False
128,001,2024-12-17,17,1,1,2024-12-17 17:01:00,10.10.0.81,False
128,001,2024-12-18,6,59,0,2024-12-18 06:59:00,10.10.0.80,False
128,001,2024-12-18,16,57,1,2024-12-18 16:57:00,10.10.0.81,False
128,001,2024-12-19,7,1,0,2024-12-19 07:01:00,10.10.0.80,False
128,001,2024-12-19,13,55,1,2024-12-19 13:55:00,10.10.0.81,False
128,001,2024-12-22,7,36,0,2024-12-22 07:36:00,10.10.0.80,False
128,001,2024-12-22,18,49,1,2024-12-22 18:49:00,10.10.0.81,False
128,001,2024-12-23,7,25,0,2024-12-23 07:25:00,10.10.0.80,False
128,001,2024-12-23,17,20,1,2024-12-23 17:20:00,10.10.0.81,False
128,001,2024-12-24,7,31,0,2024-12-24 07:31:00,10.10.0.80,False
128,001,2024-12-24,17,14,1,2024-12-24 17:14:00,10.10.0.81,False
128,001,2024-12-25,7,26,0,2024-12-25 07:26:00,10.10.0.80,False
128,001,2024-12-25,16,12,1,2024-12-25 16:12:00,10.10.0.81,False
128,001,2024-12-26,6,42,0,2024-12-26 06:42:00,10.10.0.80,False
128,001,2024-12-26,13,33,1,2024-12-26 13:33:00,10.10.0.81,False
128,001,2024-12-27,7,21,0,2024-12-27 07:21:00,10.10.0.80,False
128,001,2024-12-27,14,6,1,2024-12-27 14:06:00,10.10.0.81,False
128,001,2024-12-29,6,49,0,2024-12-29 06:49:00,10.10.0.80,False
128,001,2024-12-29,16,26,1,2024-12-29 16:26:00,10.10.0.81,False
128,001,2024-12-30,7,13,0,2024-12-30 07:13:00,10.10.0.80,False
128,001,2024-12-30,16,40,1,2024-12-30 16:40:00,10.10.0.81,False
128,001,2024-12-31,12,47,0,2024-12-31 12:47:00,10.10.0.80,False
509,001,2024-12-01,21,54,0,2024-12-01 21:54:00,10.10.0.80,False
509,001,2024-12-02,7,54,1,2024-12-02 07:54:00,10.10.0.81,False
509,001,2024-12-02,21,54,0,2024-12-02 21:54:00,10.10.0.80,False
509,001,2024-12-03,8,14,1,2024-12-03 08:14:00,10.10.0.81,False
509,001,2024-12-05,21,52,0,2024-12-05 21:52:00,10.10.0.80,False
509,001,2024-12-06,7,59,1,2024-12-06 07:59:00,10.10.0.81,False
509,001,2024-12-06,21,46,0,2024-12-06 21:46:00,10.10.0.80,False
509,001,2024-12-07,8,8,1,2024-12-07 08:08:00,10.10.0.81,False
509,001,2024-12-07,21,48,0,2024-12-07 21:48:00,10.10.0.80,False
509,001,2024-12-08,8,12,1,2024-12-08 08:12:00,10.10.0.81,False
509,001,2024-12-08,21,36,0,2024-12-08 21:36:00,10.10.0.80,False
509,001,2024-12-09,7,39,1,2024-12-09 07:39:00,10.10.0.81,False
509,001,2024-12-09,21,42,0,2024-12-09 21:42:00,10.10.0.80,False
509,001,2024-12-10,8,3,1,2024-12-10 08:03:00,10.10.0.81,False
509,001,2024-12-10,21,56,0,2024-12-10 21:56:00,10.10.0.80,False
509,001,2024-12-11,8,23,1,2024-12-11 08:23:00,10.10.0.81,False
509,001,2024-12-12,21,39,0,2024-12-12 21:39:00,10.10.0.80,False
509,001,2024-12-13,7,51,1,2024-12-13 07:51:00,10.10.0.81,False
509,001,2024-12-13,21,51,0,2024-12-13 21:51:00,10.10.0.80,False
509,001,2024-12-14,7,38,1,2024-12-14 07:38:00,10.10.0.81,False
509,001,2024-12-14,21,50,0,2024-12-14 21:50:00,10.10.0.80,False
509,001,2024-12-15,7,56,1,2024-12-15 07:56:00,10.10.0.81,False
509,001,2024-12-15,21,51,0,2024-12-15 21:51:00,10.10.0.80,False
509,001,2024-12-16,8,8,1,2024-12-16 08:08:00,10.10.0.81,False
509,001,2024-12-16,21,52,0,2024-12-16 21:52:00,10.10.0.80,False
509,001,2024-12-17,7,47,1,2024-12-17 07:47:00,10.10.0.81,False
509,001,2024-12-17,21,52,0,2024-12-17 21:52:00,10.10.0.80,False
509,001,2024-12-18,7,59,1,2024-12-18 07:59:00,10.10.0.81,False
509,001,2024-12-18,21,52,0,2024-12-18 21:52:00,10.10.0.80,False
509,001,2024-12-19,8,12,1,2024-12-19 08:12:00,10.10.0.81,False
509,001,2024-12-21,21,50,0,2024-12-21 21:50:00,10.10.0.80,False
509,001,2024-12-22,8,7,1,2024-12-22 08:07:00,10.10.0.81,False
509,001,2024-12-22,21,47,0,2024-12-22 21:47:00,10.10.0.80,False
509,001,2024-12-23,8,17,1,2024-12-23 08:17:00,10.10.0.81,False
509,001,2024-12-23,21,53,0,2024-12-23 21:53:00,10.10.0.80,False
509,001,2024-12-24,7,45,1,2024-12-24 07:45:00,10.10.0.81,False
509,001,2024-12-24,21,55,0,2024-12-24 21:55:00,10.10.0.80,False
509,001,2024-12-25,8,11,1,2024-12-25 08:11:00,10.10.0.81,False
509,001,2024-12-26,21,57,0,2024-12-26 21:57:00,10.10.0.80,False
509,001,2024-12-27,7,57,1,2024-12-27 07:57:00,10.10.0.81,False
509,001,2024-12-27,21,53,0,2024-12-27 21:53:00,10.10.0.80,False
509,001,2024-12-28,7,51,1,2024-12-28 07:51:00,10.10.0.81,False
509,001,2024-12-28,21,51,0,2024-12-28 21:51:00,10.10.0.80,False
509,001,2024-12-29,7,58,1,2024-12-29 07:58:00,10.10.0.81,False
509,001,2024-12-29,21,49,0,2024-12-29 21:49:00,10.10.0.80,False
509,001,2024-12-30,8,3,1,2024-12-30 08:03:00,10.10.0.81,False
509,001,2024-12-30,22,0,0,2024-12-30 22:00:00,10.10.0.80,False
509,001,2024-12-31,7,44,1,2024-12-31 07:44:00,10.10.0.81,False
509,001,2024-12-31,21,49,0,2024-12-31 21:49:00,10.10.0.80,False
511,001,2024-12-01,22,48,0,2024-12-01 22:48:00,10.10.0.80,False
511,001,2024-12-02,11,1,1,2024-12-02 11:01:00,10.10.0.81,False
511,001,2024-12-02,22,49,0,2024-12-02 22:49:00,10.10.0.80,False
511,001,2024-12-03,11,5,1,2024-12-03 11:05:00,10.10.0.81,False
511,001,2024-12-03,22,54,0,2024-12-03 22:54:00,10.10.0.80,False
511,001,2024-12-04,10,55,1,2024-12-04 10:55:00,10.10.0.81,False
511,001,2024-12-04,22,51,0,2024-12-04 22:51:00,10.10.0.80,False
511,001,2024-12-05,11,1,1,2024-12-05 11:01:00,10.10.0.81,False
511,001,2024-12-07,12,53,0,2024-12-07 12:53:00,10.10.0.80,False
511,001,2024-12-07,23,44,1,2024-12-07 23:44:00,10.10.0.81,False
511,001,2024-12-08,12,58,0,2024-12-08 12:58:00,10.10.0.80,False
511,001,2024-12-08,23,24,1,2024-12-08 23:24:00,10.10.0.81,False
511,001,2024-12-09,12,51,0,2024-12-09 12:51:00,10.10.0.80,False
511,001,2024-12-09,23,22,1,2024-12-09 23:22:00,10.10.0.81,False
511,001,2024-12-10,22,56,0,2024-12-10 22:56:00,10.10.0.80,False
511,001,2024-12-11,11,10,1,2024-12-11 11:10:00,10.10.0.81,False
511,001,2024-12-11,22,47,0,2024-12-11 22:47:00,10.10.0.80,False
511,001,2024-12-12,11,10,1,2024-12-12 11:10:00,10.10.0.81,False
511,001,2024-12-12,22,48,0,2024-12-12 22:48:00,10.10.0.80,False
511,001,2024-12-13,11,0,1,2024-12-13 11:00:00,10.10.0.81,False
511,001,2024-12-13,22,39,0,2024-12-13 22:39:00,10.10.0.80,False
511,001,2024-12-14,11,3,1,2024-12-14 11:03:00,10.10.0.81,False
511,001,2024-12-15,13,21,0,2024-12-15 13:21:00,10.10.0.80,False
511,001,2024-12-15,23,29,1,2024-12-15 23:29:00,10.10.0.81,False
511,001,2024-12-16,12,55,0,2024-12-16 12:55:00,10.10.0.80,False
511,001,2024-12-16,23,28,1,2024-12-16 23:28:00,10.10.0.81,False
511,001,2024-12-17,13,33,0,2024-12-17 13:33:00,10.10.0.80,False
511,001,2024-12-17,22,29,1,2024-12-17 22:29:00,10.10.0.81,False
511,001,2024-12-18,13,7,0,2024-12-18 13:07:00,10.10.0.80,False
511,001,2024-12-18,23,37,1,2024-12-18 23:37:00,10.10.0.81,False
511,001,2024-12-21,22,37,0,2024-12-21 22:37:00,10.10.0.80,False
511,001,2024-12-22,10,58,1,2024-12-22 10:58:00,10.10.0.81,False
511,001,2024-12-22,22,55,0,2024-12-22 22:55:00,10.10.0.80,False
511,001,2024-12-23,10,56,1,2024-12-23 10:56:00,10.10.0.81,False
511,001,2024-12-23,22,55,0,2024-12-23 22:55:00,10.10.0.80,False
511,001,2024-12-24,10,54,1,2024-12-24 10:54:00,10.10.0.81,False
511,001,2024-12-24,22,56,0,2024-12-24 22:56:00,10.10.0.80,False
511,001,2024-12-25,10,55,1,2024-12-25 10:55:00,10.10.0.81,False
511,001,2024-12-25,23,8,0,2024-12-25 23:08:00,10.10.0.80,False
511,001,2024-12-26,11,2,1,2024-12-26 11:02:00,10.10.0.81,False
511,001,2024-12-26,22,56,0,2024-12-26 22:56:00,10.10.0.80,False
511,001,2024-12-27,11,2,1,2024-12-27 11:02:00,10.10.0.81,False
511,001,2024-12-27,22,53,0,2024-12-27 22:53:00,10.10.0.80,False
511,001,2024-12-28,11,13,1,2024-12-28 11:13:00,10.10.0.81,False
511,001,2024-12-28,22,47,0,2024-12-28 22:47:00,10.10.0.80,False
511,001,2024-12-29,10,56,1,2024-12-29 10:56:00,10.10.0.81,False
511,001,2024-12-29,22,54,0,2024-12-29 22:54:00,10.10.0.80,False
511,001,2024-12-30,11,6,1,2024-12-30 11:06:00,10.10.0.81,False
511,001,2024-12-30,23,38,0,2024-12-30 23:38:00,10.10.0.80,False
511,001,2024-12-31,11,4,1,2024-12-31 11:04:00,10.10.0.81,False
511,001,2024-12-31,22,47,0,2024-12-31 22:47:00,10.10.0.80,False
601,001,2024-12-01,13,44,0,2024-12-01 13:44:00,10.10.0.80,False
601,001,2024-12-02,0,18,1,2024-12-02 00:18:00,10.10.0.81,False
601,001,2024-12-02,7,28,0,2024-12-02 07:28:00,10.10.0.80,False
601,001,2024-12-02,16,34,1,2024-12-02 16:34:00,10.10.0.81,False
601,001,2024-12-07,13,9,0,2024-12-07 13:09:00,10.10.0.80,False
601,001,2024-12-08,0,14,1,2024-12-08 00:14:00,10.10.0.81,False
601,001,2024-12-08,13,35,0,2024-12-08 13:35:00,10.10.0.80,False
601,001,2024-12-08,22,57,1,2024-12-08 22:57:00,10.10.0.81,False
601,001,2024-12-09,13,23,0,2024-12-09 13:23:00,10.10.0.80,False
601,001,2024-12-09,22,4,1,2024-12-09 22:04:00,10.10.0.81,False
601,001,2024-12-10,13,32,0,2024-12-10 13:32:00,10.10.0.80,False
601,001,2024-12-10,23,54,1,2024-12-10 23:54:00,10.10.0.81,False
601,001,2024-12-11,12,38,0,2024-12-11 12:38:00,10.10.0.80,False
601,001,2024-12-11,17,4,1,2024-12-11 17:04:00,10.10.0.81,False
601,001,2024-12-14,13,23,0,2024-12-14 13:23:00,10.10.0.80,False
601,001,2024-12-14,23,39,1,2024-12-14 23:39:00,10.10.0.81,False
601,001,2024-12-15,14,10,0,2024-12-15 14:10:00,10.10.0.80,False
601,001,2024-12-15,23,54,1,2024-12-15 23:54:00,10.10.0.81,False
601,001,2024-12-16,14,2,0,2024-12-16 14:02:00,10.10.0.80,False
601,001,2024-12-16,23,56,1,2024-12-16 23:56:00,10.10.0.81,False
601,001,2024-12-17,14,2,0,2024-12-17 14:02:00,10.10.0.80,False
601,001,2024-12-17,23,44,1,2024-12-17 23:44:00,10.10.0.81,False
601,001,2024-12-18,12,20,0,2024-12-18 12:20:00,10.10.0.80,False
601,001,2024-12-18,22,0,1,2024-12-18 22:00:00,10.10.0.81,False
601,001,2024-12-19,13,16,0,2024-12-19 13:16:00,10.10.0.80,False
601,001,2024-12-19,23,23,1,2024-12-19 23:23:00,10.10.0.81,False
601,001,2024-12-20,13,9,0,2024-12-20 13:09:00,10.10.0.80,False
601,001,2024-12-20,23,12,1,2024-12-20 23:12:00,10.10.0.81,False
601,001,2024-12-21,14,21,0,2024-12-21 14:21:00,10.10.0.80,False
601,001,2024-12-21,23,29,1,2024-12-21 23:29:00,10.10.0.81,False
601,001,2024-12-22,12,44,0,2024-12-22 12:44:00,10.10.0.80,False
601,001,2024-12-22,23,8,1,2024-12-22 23:08:00,10.10.0.81,False
601,001,2024-12-23,13,19,0,2024-12-23 13:19:00,10.10.0.80,False
601,001,2024-12-23,23,50,1,2024-12-23 23:50:00,10.10.0.81,False
601,001,2024-12-24,13,32,0,2024-12-24 13:32:00,10.10.0.80,False
601,001,2024-12-24,22,43,1,2024-12-24 22:43:00,10.10.0.81,False
601,001,2024-12-25,13,57,0,2024-12-25 13:57:00,10.10.0.80,False
601,001,2024-12-25,23,15,1,2024-12-25 23:15:00,10.10.0.81,False
601,001,2024-12-26,13,7,0,2024-12-26 13:07:00,10.10.0.80,False
601,001,2024-12-26,23,39,1,2024-12-26 23:39:00,10.10.0.81,False
601,001,2024-12-27,13,27,0,2024-12-27 13:27:00,10.10.0.80,False
601,001,2024-12-27,23,26,1,2024-12-27 23:26:00,10.10.0.81,False
601,001,2024-12-28,13,18,0,2024-12-28 13:18:00,10.10.0.80,False
601,001,2024-12-28,23,9,1,2024-12-28 23:09:00,10.10.0.81,False
601,001,2024-12-29,10,11,0,2024-12-29 10:11:00,10.10.0.80,False
601,001,2024-12-29,14,43,1,2024-12-29 14:43:00,10.10.0.81,False
601,001,2024-12-29,19,13,0,2024-12-29 19:13:00,10.10.0.80,False
601,001,2024-12-29,23,33,1,2024-12-29 23:33:00,10.10.0.81,False
601,001,2024-12-30,13,48,0,2024-12-30 13:48:00,10.10.0.80,False
601,001,2024-12-30,23,25,1,2024-12-30 23:25:00,10.10.0.81,False
601,001,2024-12-31,13,40,0,2024-12-31 13:40:00,10.10.0.80,False
693,001,2024-12-02,23,50,0,2024-12-02 23:50:00,10.10.0.80,False
693,001,2024-12-02,23,51,1,2024-12-02 23:51:00,10.10.0.81,False
693,001,2024-12-03,13,35,0,2024-12-03 13:35:00,10.10.0.80,False
693,001,2024-12-03,23,54,1,2024-12-03 23:54:00,10.10.0.81,False
693,001,2024-12-04,13,33,0,2024-12-04 13:33:00,10.10.0.80,False
693,001,2024-12-04,23,47,1,2024-12-04 23:47:00,10.10.0.81,False
693,001,2024-12-06,13,30,0,2024-12-06 13:30:00,10.10.0.80,False
693,001,2024-12-06,23,50,1,2024-12-06 23:50:00,10.10.0.81,False
693,001,2024-12-07,13,27,0,2024-12-07 13:27:00,10.10.0.80,False
693,001,2024-12-07,22,26,1,2024-12-07 22:26:00,10.10.0.81,False
693,001,2024-12-08,13,37,0,2024-12-08 13:37:00,10.10.0.80,False
693,001,2024-12-09,0,8,1,2024-12-09 00:08:00,10.10.0.81,False
693,001,2024-12-09,13,32,0,2024-12-09 13:32:00,10.10.0.80,False
693,001,2024-12-09,23,30,1,2024-12-09 23:30:00,10.10.0.81,False
693,001,2024-12-10,13,30,0,2024-12-10 13:30:00,10.10.0.80,False
693,001,2024-12-10,23,46,1,2024-12-10 23:46:00,10.10.0.81,False
693,001,2024-12-11,13,31,0,2024-12-11 13:31:00,10.10.0.80,False
693,001,2024-12-11,23,32,1,2024-12-11 23:32:00,10.10.0.81,False
693,001,2024-12-12,13,31,0,2024-12-12 13:31:00,10.10.0.80,False
693,001,2024-12-12,23,58,1,2024-12-12 23:58:00,10.10.0.81,False
693,001,2024-12-13,13,33,0,2024-12-13 13:33:00,10.10.0.80,False
693,001,2024-12-13,23,48,1,2024-12-13 23:48:00,10.10.0.81,False
693,001,2024-12-15,13,30,0,2024-12-15 13:30:00,10.10.0.80,False
693,001,2024-12-15,23,43,1,2024-12-15 23:43:00,10.10.0.81,False
693,001,2024-12-16,13,36,0,2024-12-16 13:36:00,10.10.0.80,False
693,001,2024-12-16,23,47,1,2024-12-16 23:47:00,10.10.0.81,False
693,001,2024-12-17,13,32,0,2024-12-17 13:32:00,10.10.0.80,False
693,001,2024-12-17,23,21,1,2024-12-17 23:21:00,10.10.0.81,False
693,001,2024-12-18,13,31,0,2024-12-18 13:31:00,10.10.0.80,False
693,001,2024-12-18,19,35,1,2024-12-18 19:35:00,10.10.0.81,False
693,001,2024-12-19,13,29,0,2024-12-19 13:29:00,10.10.0.80,False
693,001,2024-12-19,23,57,1,2024-12-19 23:57:00,10.10.0.81,False
693,001,2024-12-20,13,1,0,2024-12-20 13:01:00,10.10.0.80,False
693,001,2024-12-20,23,53,1,2024-12-20 23:53:00,10.10.0.81,False
693,001,2024-12-21,13,34,0,2024-12-21 13:34:00,10.10.0.80,False
693,001,2024-12-22,0,5,1,2024-12-22 00:05:00,10.10.0.81,False
693,001,2024-12-22,13,31,0,2024-12-22 13:31:00,10.10.0.80,False
693,001,2024-12-22,19,31,1,2024-12-22 19:31:00,10.10.0.81,False
693,001,2024-12-23,13,28,0,2024-12-23 13:28:00,10.10.0.80,False
693,001,2024-12-23,23,46,1,2024-12-23 23:46:00,10.10.0.81,False
693,001,2024-12-24,13,45,0,2024-12-24 13:45:00,10.10.0.80,False
693,001,2024-12-24,19,38,1,2024-12-24 19:38:00,10.10.0.81,False
693,001,2024-12-25,13,31,0,2024-12-25 13:31:00,10.10.0.80,False
693,001,2024-12-25,19,40,1,2024-12-25 19:40:00,10.10.0.81,False
693,001,2024-12-26,13,29,0,2024-12-26 13:29:00,10.10.0.80,False
693,001,2024-12-26,23,48,1,2024-12-26 23:48:00,10.10.0.81,False
693,001,2024-12-27,13,33,0,2024-12-27 13:33:00,10.10.0.80,False
693,001,2024-12-27,23,56,1,2024-12-27 23:56:00,10.10.0.81,False
693,001,2024-12-28,13,31,0,2024-12-28 13:31:00,10.10.0.80,False
693,001,2024-12-28,23,38,1,2024-12-28 23:38:00,10.10.0.81,False
693,001,2024-12-29,13,36,0,2024-12-29 13:36:00,10.10.0.80,False
693,001,2024-12-29,23,49,1,2024-12-29 23:49:00,10.10.0.81,False
693,001,2024-12-30,13,49,0,2024-12-30 13:49:00,10.10.0.80,False
693,001,2024-12-30,23,53,1,2024-12-30 23:53:00,10.10.0.81,False
693,001,2024-12-31,13,30,0,2024-12-31 13:30:00,10.10.0.80,False
746,001,2024-12-02,14,15,0,2024-12-02 14:15:00,10.10.0.80,False
746,001,2024-12-03,0,7,1,2024-12-03 00:07:00,10.10.0.81,False
746,001,2024-12-03,15,35,0,2024-12-03 15:35:00,10.10.0.80,False
746,001,2024-12-03,23,48,1,2024-12-03 23:48:00,10.10.0.81,False
746,001,2024-12-04,14,24,0,2024-12-04 14:24:00,10.10.0.80,False
746,001,2024-12-04,23,54,1,2024-12-04 23:54:00,10.10.0.81,False
746,001,2024-12-05,13,58,0,2024-12-05 13:58:00,10.10.0.80,False
746,001,2024-12-05,23,6,1,2024-12-05 23:06:00,10.10.0.81,False
746,001,2024-12-07,9,53,0,2024-12-07 09:53:00,10.10.0.80,False
746,001,2024-12-07,19,25,1,2024-12-07 19:25:00,10.10.0.81,False
746,001,2024-12-08,13,45,0,2024-12-08 13:45:00,10.10.0.80,False
746,001,2024-12-08,23,35,1,2024-12-08 23:35:00,10.10.0.81,False
746,001,2024-12-09,14,12,0,2024-12-09 14:12:00,10.10.0.80,False
746,001,2024-12-09,23,39,1,2024-12-09 23:39:00,10.10.0.81,False
746,001,2024-12-10,14,14,0,2024-12-10 14:14:00,10.10.0.80,False
746,001,2024-12-10,23,43,1,2024-12-10 23:43:00,10.10.0.81,False
746,001,2024-12-11,14,2,0,2024-12-11 14:02:00,10.10.0.80,False
746,001,2024-12-11,23,33,1,2024-12-11 23:33:00,10.10.0.81,False
746,001,2024-12-12,13,54,0,2024-12-12 13:54:00,10.10.0.80,False
746,001,2024-12-12,22,20,1,2024-12-12 22:20:00,10.10.0.81,False
746,001,2024-12-13,13,52,0,2024-12-13 13:52:00,10.10.0.80,False
746,001,2024-12-13,19,30,1,2024-12-13 19:30:00,10.10.0.81,False
746,001,2024-12-14,14,17,0,2024-12-14 14:17:00,10.10.0.80,False
746,001,2024-12-14,19,27,1,2024-12-14 19:27:00,10.10.0.81,False
746,001,2024-12-15,14,46,0,2024-12-15 14:46:00,10.10.0.80,False
746,001,2024-12-15,22,22,1,2024-12-15 22:22:00,10.10.0.81,False
746,001,2024-12-17,14,5,0,2024-12-17 14:05:00,10.10.0.80,False
746,001,2024-12-17,23,31,1,2024-12-17 23:31:00,10.10.0.81,False
746,001,2024-12-18,13,53,0,2024-12-18 13:53:00,10.10.0.80,False
746,001,2024-12-18,23,49,1,2024-12-18 23:49:00,10.10.0.81,False
746,001,2024-12-19,13,51,0,2024-12-19 13:51:00,10.10.0.80,False
746,001,2024-12-19,23,56,1,2024-12-19 23:56:00,10.10.0.81,False
746,001,2024-12-20,13,50,0,2024-12-20 13:50:00,10.10.0.80,False
746,001,2024-12-20,22,42,1,2024-12-20 22:42:00,10.10.0.81,False
746,001,2024-12-21,13,20,0,2024-12-21 13:20:00,10.10.0.80,False
746,001,2024-12-21,22,45,1,2024-12-21 22:45:00,10.10.0.81,False
746,001,2024-12-22,14,0,0,2024-12-22 14:00:00,10.10.0.80,False
746,001,2024-12-22,19,1,1,2024-12-22 19:01:00,10.10.0.81,False
746,001,2024-12-23,14,15,0,2024-12-23 14:15:00,10.10.0.80,False
746,001,2024-12-23,23,42,1,2024-12-23 23:42:00,10.10.0.81,False
746,001,2024-12-24,14,7,0,2024-12-24 14:07:00,10.10.0.80,False
746,001,2024-12-24,23,56,1,2024-12-24 23:56:00,10.10.0.81,False
746,001,2024-12-25,13,50,0,2024-12-25 13:50:00,10.10.0.80,False
746,001,2024-12-25,19,3,1,2024-12-25 19:03:00,10.10.0.81,False
746,001,2024-12-26,14,14,0,2024-12-26 14:14:00,10.10.0.80,False
746,001,2024-12-26,23,53,1,2024-12-26 23:53:00,10.10.0.81,False
746,001,2024-12-27,14,2,0,2024-12-27 14:02:00,10.10.0.80,False
746,001,2024-12-28,0,5,1,2024-12-28 00:05:00,10.10.0.81,False
746,001,2024-12-28,13,58,0,2024-12-28 13:58:00,10.10.0.80,False
746,001,2024-12-28,22,31,1,2024-12-28 22:31:00,10.10.0.81,False
746,001,2024-12-29,14,19,0,2024-12-29 14:19:00,10.10.0.80,False
746,001,2024-12-29,23,49,1,2024-12-29 23:49:00,10.10.0.81,False
746,001,2024-12-30,13,59,0,2024-12-30 13:59:00,10.10.0.80,False
746,001,2024-12-31,0,3,1,2024-12-31 00:03:00,10.10.0.81,False
746,001,2024-12-31,14,21,0,2024-12-31 14:21:00,10.10.0.80,False
751,001,2024-12-01,13,43,0,2024-12-01 13:43:00,10.10.0.80,False
751,001,2024-12-01,23,59,1,2024-12-01 23:59:00,10.10.0.81,False
751,001,2024-12-03,9,43,0,2024-12-03 09:43:00,10.10.0.80,False
751,001,2024-12-03,15,23,1,2024-12-03 15:23:00,10.10.0.81,False
751,001,2024-12-03,19,3,0,2024-12-03 19:03:00,10.10.0.80,False
751,001,2024-12-03,23,55,1,2024-12-03 23:55:00,10.10.0.81,False
751,001,2024-12-04,9,51,0,2024-12-04 09:51:00,10.10.0.80,False
751,001,2024-12-04,15,22,1,2024-12-04 15:22:00,10.10.0.81,False
751,001,2024-12-04,19,5,0,2024-12-04 19:05:00,10.10.0.80,False
751,001,2024-12-04,23,47,1,2024-12-04 23:47:00,10.10.0.81,False
751,001,2024-12-05,13,43,0,2024-12-05 13:43:00,10.10.0.80,False
751,001,2024-12-05,23,53,1,2024-12-05 23:53:00,10.10.0.81,False
751,001,2024-12-06,10,10,0,2024-12-06 10:10:00,10.10.0.80,False
751,001,2024-12-06,15,9,1,2024-12-06 15:09:00,10.10.0.81,False
751,001,2024-12-06,19,11,0,2024-12-06 19:11:00,10.10.0.80,False
751,001,2024-12-06,23,50,1,2024-12-06 23:50:00,10.10.0.81,False
751,001,2024-12-07,9,53,0,2024-12-07 09:53:00,10.10.0.80,False
751,001,2024-12-07,15,17,1,2024-12-07 15:17:00,10.10.0.81,False
751,001,2024-12-07,19,8,0,2024-12-07 19:08:00,10.10.0.80,False
751,001,2024-12-07,23,54,1,2024-12-07 23:54:00,10.10.0.81,False
751,001,2024-12-09,10,1,0,2024-12-09 10:01:00,10.10.0.80,False
751,001,2024-12-09,15,15,1,2024-12-09 15:15:00,10.10.0.81,False
751,001,2024-12-09,19,16,0,2024-12-09 19:16:00,10.10.0.80,False
751,001,2024-12-09,23,48,1,2024-12-09 23:48:00,10.10.0.81,False
751,001,2024-12-10,10,2,0,2024-12-10 10:02:00,10.10.0.80,False
751,001,2024-12-10,15,32,1,2024-12-10 15:32:00,10.10.0.81,False
751,001,2024-12-10,19,11,0,2024-12-10 19:11:00,10.10.0.80,False
751,001,2024-12-10,23,46,1,2024-12-10 23:46:00,10.10.0.81,False
751,001,2024-12-11,9,14,0,2024-12-11 09:14:00,10.10.0.80,False
751,001,2024-12-11,15,31,1,2024-12-11 15:31:00,10.10.0.81,False
751,001,2024-12-11,19,17,0,2024-12-11 19:17:00,10.10.0.80,False
751,001,2024-12-11,23,59,1,2024-12-11 23:59:00,10.10.0.81,False
751,001,2024-12-12,9,51,0,2024-12-12 09:51:00,10.10.0.80,False
751,001,2024-12-12,15,18,1,2024-12-12 15:18:00,10.10.0.81,False
751,001,2024-12-12,19,13,0,2024-12-12 19:13:00,10.10.0.80,False
751,001,2024-12-12,23,58,1,2024-12-12 23:58:00,10.10.0.81,False
751,001,2024-12-13,9,57,0,2024-12-13 09:57:00,10.10.0.80,False
751,001,2024-12-13,15,21,1,2024-12-13 15:21:00,10.10.0.81,False
751,001,2024-12-13,19,46,0,2024-12-13 19:46:00,10.10.0.80,False
751,001,2024-12-13,23,42,1,2024-12-13 23:42:00,10.10.0.81,False
751,001,2024-12-14,13,33,0,2024-12-14 13:33:00,10.10.0.80,False
751,001,2024-12-14,23,58,1,2024-12-14 23:58:00,10.10.0.81,False
751,001,2024-12-16,10,1,0,2024-12-16 10:01:00,10.10.0.80,False
751,001,2024-12-16,15,27,1,2024-12-16 15:27:00,10.10.0.81,False
751,001,2024-12-16,19,15,0,2024-12-16 19:15:00,10.10.0.80,False
751,001,2024-12-16,23,54,1,2024-12-16 23:54:00,10.10.0.81,False
751,001,2024-12-17,9,48,0,2024-12-17 09:48:00,10.10.0.80,False
751,001,2024-12-17,15,10,1,2024-12-17 15:10:00,10.10.0.81,False
751,001,2024-12-17,19,13,0,2024-12-17 19:13:00,10.10.0.80,False
751,001,2024-12-17,23,40,1,2024-12-17 23:40:00,10.10.0.81,False
751,001,2024-12-18,9,49,0,2024-12-18 09:49:00,10.10.0.80,False
751,001,2024-12-18,15,12,1,2024-12-18 15:12:00,10.10.0.81,False
751,001,2024-12-18,19,14,0,2024-12-18 19:14:00,10.10.0.80,False
751,001,2024-12-18,23,53,1,2024-12-18 23:53:00,10.10.0.81,False
751,001,2024-12-20,12,17,0,2024-12-20 12:17:00,10.10.0.80,False
751,001,2024-12-20,22,22,1,2024-12-20 22:22:00,10.10.0.81,False
751,001,2024-12-21,10,13,0,2024-12-21 10:13:00,10.10.0.80,False
751,001,2024-12-21,15,25,1,2024-12-21 15:25:00,10.10.0.81,False
751,001,2024-12-21,19,13,0,2024-12-21 19:13:00,10.10.0.80,False
751,001,2024-12-22,0,2,1,2024-12-22 00:02:00,10.10.0.81,False
751,001,2024-12-22,9,53,0,2024-12-22 09:53:00,10.10.0.80,False
751,001,2024-12-22,15,6,1,2024-12-22 15:06:00,10.10.0.81,False
751,001,2024-12-22,19,16,0,2024-12-22 19:16:00,10.10.0.80,False
751,001,2024-12-22,23,41,1,2024-12-22 23:41:00,10.10.0.81,False
751,001,2024-12-23,9,52,0,2024-12-23 09:52:00,10.10.0.80,False
751,001,2024-12-23,15,11,1,2024-12-23 15:11:00,10.10.0.81,False
751,001,2024-12-24,9,50,0,2024-12-24 09:50:00,10.10.0.80,False
751,001,2024-12-24,15,15,1,2024-12-24 15:15:00,10.10.0.81,False
751,001,2024-12-24,19,15,0,2024-12-24 19:15:00,10.10.0.80,False
751,001,2024-12-24,23,53,1,2024-12-24 23:53:00,10.10.0.81,False
751,001,2024-12-25,10,8,0,2024-12-25 10:08:00,10.10.0.80,False
751,001,2024-12-25,15,17,1,2024-12-25 15:17:00,10.10.0.81,False
751,001,2024-12-25,19,15,0,2024-12-25 19:15:00,10.10.0.80,False
751,001,2024-12-25,23,48,1,2024-12-25 23:48:00,10.10.0.81,False
751,001,2024-12-26,9,37,0,2024-12-26 09:37:00,10.10.0.80,False
751,001,2024-12-26,15,20,1,2024-12-26 15:20:00,10.10.0.81,False
751,001,2024-12-26,19,10,0,2024-12-26 19:10:00,10.10.0.80,False
751,001,2024-12-26,23,48,1,2024-12-26 23:48:00,10.10.0.81,False
751,001,2024-12-27,10,0,0,2024-12-27 10:00:00,10.10.0.80,False
751,001,2024-12-27,15,8,1,2024-12-27 15:08:00,10.10.0.81,False
751,001,2024-12-27,19,18,0,2024-12-27 19:18:00,10.10.0.80,False
751,001,2024-12-27,23,58,1,2024-12-27 23:58:00,10.10.0.81,False
751,001,2024-12-28,10,3,0,2024-12-28 10:03:00,10.10.0.80,False
751,001,2024-12-28,15,14,1,2024-12-28 15:14:00,10.10.0.81,False
751,001,2024-12-28,19,18,0,2024-12-28 19:18:00,10.10.0.80,False
751,001,2024-12-28,23,34,1,2024-12-28 23:34:00,10.10.0.81,False
751,001,2024-12-29,10,9,0,2024-12-29 10:09:00,10.10.0.80,False
751,001,2024-12-29,15,14,1,2024-12-29 15:14:00,10.10.0.81,False
751,001,2024-12-30,10,9,0,2024-12-30 10:09:00,10.10.0.80,False
751,001,2024-12-30,15,8,1,2024-12-30 15:08:00,10.10.0.81,False
751,001,2024-12-30,19,18,0,2024-12-30 19:18:00,10.10.0.80,False
751,001,2024-12-31,0,3,1,2024-12-31 00:03:00,10.10.0.81,False
751,001,2024-12-31,10,14,0,2024-12-31 10:14:00,10.10.0.80,False
751,001,2024-12-31,15,21,1,2024-12-31 15:21:00,10.10.0.81,False
751,001,2024-12-31,19,10,0,2024-12-31 19:10:00,10.10.0.80,False
800,001,2024-12-01,20,59,0,2024-12-01 20:59:00,10.10.0.80,False
800,001,2024-12-02,8,2,1,2024-12-02 08:02:00,10.10.0.81,False
800,001,2024-12-02,20,58,0,2024-12-02 20:58:00,10.10.0.80,False
800,001,2024-12-03,8,6,1,2024-12-03 08:06:00,10.10.0.81,False
800,001,2024-12-03,21,2,0,2024-12-03 21:02:00,10.10.0.80,False
800,001,2024-12-04,7,56,1,2024-12-04 07:56:00,10.10.0.81,False
800,001,2024-12-04,20,59,0,2024-12-04 20:59:00,10.10.0.80,False
800,001,2024-12-05,8,8,1,2024-12-05 08:08:00,10.10.0.81,False
800,001,2024-12-05,21,9,0,2024-12-05 21:09:00,10.10.0.80,False
800,001,2024-12-06,7,56,1,2024-12-06 07:56:00,10.10.0.81,False
800,001,2024-12-06,20,54,0,2024-12-06 20:54:00,10.10.0.80,False
800,001,2024-12-07,7,59,1,2024-12-07 07:59:00,10.10.0.81,False
800,001,2024-12-07,21,21,0,2024-12-07 21:21:00,10.10.0.80,False
800,001,2024-12-08,8,3,1,2024-12-08 08:03:00,10.10.0.81,False
800,001,2024-12-08,21,0,0,2024-12-08 21:00:00,10.10.0.80,False
800,001,2024-12-09,8,5,1,2024-12-09 08:05:00,10.10.0.81,False
800,001,2024-12-09,20,38,0,2024-12-09 20:38:00,10.10.0.80,False
800,001,2024-12-10,8,11,1,2024-12-10 08:11:00,10.10.0.81,False
800,001,2024-12-10,20,21,0,2024-12-10 20:21:00,10.10.0.80,False
800,001,2024-12-11,8,1,1,2024-12-11 08:01:00,10.10.0.81,False
800,001,2024-12-11,21,0,0,2024-12-11 21:00:00,10.10.0.80,False
800,001,2024-12-12,8,5,1,2024-12-12 08:05:00,10.10.0.81,False
800,001,2024-12-12,21,9,0,2024-12-12 21:09:00,10.10.0.80,False
800,001,2024-12-13,8,5,1,2024-12-13 08:05:00,10.10.0.81,False
800,001,2024-12-13,20,55,0,2024-12-13 20:55:00,10.10.0.80,False
800,001,2024-12-14,8,10,1,2024-12-14 08:10:00,10.10.0.81,False
800,001,2024-12-14,21,10,0,2024-12-14 21:10:00,10.10.0.80,False
800,001,2024-12-15,7,37,1,2024-12-15 07:37:00,10.10.0.81,False
800,001,2024-12-15,21,15,0,2024-12-15 21:15:00,10.10.0.80,False
800,001,2024-12-16,7,44,1,2024-12-16 07:44:00,10.10.0.81,False
800,001,2024-12-16,21,9,0,2024-12-16 21:09:00,10.10.0.80,False
800,001,2024-12-17,8,5,1,2024-12-17 08:05:00,10.10.0.81,False
800,001,2024-12-17,21,14,0,2024-12-17 21:14:00,10.10.0.80,False
800,001,2024-12-18,8,3,1,2024-12-18 08:03:00,10.10.0.81,False
800,001,2024-12-18,20,51,0,2024-12-18 20:51:00,10.10.0.80,False
800,001,2024-12-19,7,54,1,2024-12-19 07:54:00,10.10.0.81,False
800,001,2024-12-26,20,40,0,2024-12-26 20:40:00,10.10.0.80,False
800,001,2024-12-27,8,3,1,2024-12-27 08:03:00,10.10.0.81,False
800,001,2024-12-27,20,50,0,2024-12-27 20:50:00,10.10.0.80,False
800,001,2024-12-28,7,57,1,2024-12-28 07:57:00,10.10.0.81,False
800,001,2024-12-28,20,2,0,2024-12-28 20:02:00,10.10.0.80,False
800,001,2024-12-29,8,4,1,2024-12-29 08:04:00,10.10.0.81,False
800,001,2024-12-29,19,52,0,2024-12-29 19:52:00,10.10.0.80,False
800,001,2024-12-30,7,51,1,2024-12-30 07:51:00,10.10.0.81,False
800,001,2024-12-30,19,52,0,2024-12-30 19:52:00,10.10.0.80,False
800,001,2024-12-31,8,4,1,2024-12-31 08:04:00,10.10.0.81,False
800,001,2024-12-31,19,54,0,2024-12-31 19:54:00,10.10.0.80,False
811,001,2024-12-01,13,25,0,2024-12-01 13:25:00,10.10.0.80,False
811,001,2024-12-02,13,58,1,2024-12-02 13:58:00,10.10.0.81,False
811,001,2024-12-03,10,6,0,2024-12-03 10:06:00,10.10.0.80,False
811,001,2024-12-03,22,28,1,2024-12-03 22:28:00,10.10.0.81,False
811,001,2024-12-04,10,8,0,2024-12-04 10:08:00,10.10.0.80,False
811,001,2024-12-04,22,0,1,2024-12-04 22:00:00,10.10.0.81,False
811,001,2024-12-05,11,4,0,2024-12-05 11:04:00,10.10.0.80,False
811,001,2024-12-05,23,7,1,2024-12-05 23:07:00,10.10.0.81,False
811,001,2024-12-06,10,24,0,2024-12-06 10:24:00,10.10.0.80,False
811,001,2024-12-06,21,47,1,2024-12-06 21:47:00,10.10.0.81,False
811,001,2024-12-07,10,11,0,2024-12-07 10:11:00,10.10.0.80,False
811,001,2024-12-07,22,19,1,2024-12-07 22:19:00,10.10.0.81,False
811,001,2024-12-09,6,57,0,2024-12-09 06:57:00,10.10.0.80,False
811,001,2024-12-09,15,6,1,2024-12-09 15:06:00,10.10.0.81,False
811,001,2024-12-10,9,44,0,2024-12-10 09:44:00,10.10.0.80,False
811,001,2024-12-10,22,42,1,2024-12-10 22:42:00,10.10.0.81,False
811,001,2024-12-11,8,23,0,2024-12-11 08:23:00,10.10.0.80,False
811,001,2024-12-11,21,7,1,2024-12-11 21:07:00,10.10.0.81,False
811,001,2024-12-12,9,22,0,2024-12-12 09:22:00,10.10.0.80,False
811,001,2024-12-12,22,14,1,2024-12-12 22:14:00,10.10.0.81,False
811,001,2024-12-13,10,28,0,2024-12-13 10:28:00,10.10.0.80,False
811,001,2024-12-13,21,48,1,2024-12-13 21:48:00,10.10.0.81,False
811,001,2024-12-14,12,18,0,2024-12-14 12:18:00,10.10.0.80,False
811,001,2024-12-14,21,22,1,2024-12-14 21:22:00,10.10.0.81,False
811,001,2024-12-15,13,8,0,2024-12-15 13:08:00,10.10.0.80,False
811,001,2024-12-16,13,10,1,2024-12-16 13:10:00,10.10.0.81,False
811,001,2024-12-17,10,18,0,2024-12-17 10:18:00,10.10.0.80,False
811,001,2024-12-17,20,16,1,2024-12-17 20:16:00,10.10.0.81,False
811,001,2024-12-18,10,17,0,2024-12-18 10:17:00,10.10.0.80,False
811,001,2024-12-18,21,14,1,2024-12-18 21:14:00,10.10.0.81,False
811,001,2024-12-19,10,20,0,2024-12-19 10:20:00,10.10.0.80,False
811,001,2024-12-19,21,27,1,2024-12-19 21:27:00,10.10.0.81,False
811,001,2024-12-21,11,54,0,2024-12-21 11:54:00,10.10.0.80,False
811,001,2024-12-21,22,3,1,2024-12-21 22:03:00,10.10.0.81,False
811,001,2024-12-22,12,32,0,2024-12-22 12:32:00,10.10.0.80,False
811,001,2024-12-23,13,34,1,2024-12-23 13:34:00,10.10.0.81,False
811,001,2024-12-24,10,54,0,2024-12-24 10:54:00,10.10.0.80,False
811,001,2024-12-24,21,47,1,2024-12-24 21:47:00,10.10.0.81,False
811,001,2024-12-25,10,47,0,2024-12-25 10:47:00,10.10.0.80,False
811,001,2024-12-25,23,17,1,2024-12-25 23:17:00,10.10.0.81,False
811,001,2024-12-26,10,2,0,2024-12-26 10:02:00,10.10.0.80,False
811,001,2024-12-26,22,3,1,2024-12-26 22:03:00,10.10.0.81,False
811,001,2024-12-27,10,32,0,2024-12-27 10:32:00,10.10.0.80,False
811,001,2024-12-28,0,38,1,2024-12-28 00:38:00,10.10.0.81,False
811,001,2024-12-28,12,23,0,2024-12-28 12:23:00,10.10.0.80,False
811,001,2024-12-28,21,48,1,2024-12-28 21:48:00,10.10.0.81,False
811,001,2024-12-29,10,54,0,2024-12-29 10:54:00,10.10.0.80,False
811,001,2024-12-29,21,17,1,2024-12-29 21:17:00,10.10.0.81,False
811,001,2024-12-29,22,11,0,2024-12-29 22:11:00,10.10.0.81,False
811,001,2024-12-30,12,8,1,2024-12-30 12:08:00,10.10.0.81,False
811,001,2024-12-31,12,11,0,2024-12-31 12:11:00,10.10.0.80,False
857,001,2024-12-01,21,38,0,2024-12-01 21:38:00,10.10.0.80,False
857,001,2024-12-02,8,18,1,2024-12-02 08:18:00,10.10.0.81,False
857,001,2024-12-02,21,33,0,2024-12-02 21:33:00,10.10.0.80,False
857,001,2024-12-03,8,13,1,2024-12-03 08:13:00,10.10.0.81,False
857,001,2024-12-03,21,40,0,2024-12-03 21:40:00,10.10.0.80,False
857,001,2024-12-04,7,22,1,2024-12-04 07:22:00,10.10.0.81,False
857,001,2024-12-04,21,55,0,2024-12-04 21:55:00,10.10.0.80,False
857,001,2024-12-05,8,1,1,2024-12-05 08:01:00,10.10.0.81,False
857,001,2024-12-05,21,42,0,2024-12-05 21:42:00,10.10.0.80,False
857,001,2024-12-06,7,38,1,2024-12-06 07:38:00,10.10.0.81,False
857,001,2024-12-06,21,49,0,2024-12-06 21:49:00,10.10.0.80,False
857,001,2024-12-07,7,51,1,2024-12-07 07:51:00,10.10.0.81,False
857,001,2024-12-07,20,44,0,2024-12-07 20:44:00,10.10.0.80,False
857,001,2024-12-08,8,35,1,2024-12-08 08:35:00,10.10.0.81,False
857,001,2024-12-09,7,35,0,2024-12-09 07:35:00,10.10.0.80,False
857,001,2024-12-09,16,34,1,2024-12-09 16:34:00,10.10.0.81,False
857,001,2024-12-10,8,26,0,2024-12-10 08:26:00,10.10.0.80,False
857,001,2024-12-10,16,54,1,2024-12-10 16:54:00,10.10.0.81,False
857,001,2024-12-11,13,27,0,2024-12-11 13:27:00,10.10.0.80,False
857,001,2024-12-11,21,54,1,2024-12-11 21:54:00,10.10.0.81,False
857,001,2024-12-12,8,2,0,2024-12-12 08:02:00,10.10.0.80,False
857,001,2024-12-12,17,33,1,2024-12-12 17:33:00,10.10.0.81,False
857,001,2024-12-14,7,34,0,2024-12-14 07:34:00,10.10.0.80,False
857,001,2024-12-14,16,37,1,2024-12-14 16:37:00,10.10.0.81,False
857,001,2024-12-15,7,47,0,2024-12-15 07:47:00,10.10.0.80,False
857,001,2024-12-15,16,23,1,2024-12-15 16:23:00,10.10.0.81,False
857,001,2024-12-16,12,55,0,2024-12-16 12:55:00,10.10.0.80,False
857,001,2024-12-16,21,54,1,2024-12-16 21:54:00,10.10.0.81,False
857,001,2024-12-17,7,35,0,2024-12-17 07:35:00,10.10.0.80,False
857,001,2024-12-17,16,23,1,2024-12-17 16:23:00,10.10.0.81,False
857,001,2024-12-18,7,29,0,2024-12-18 07:29:00,10.10.0.80,False
857,001,2024-12-18,16,30,1,2024-12-18 16:30:00,10.10.0.81,False
857,001,2024-12-19,7,31,0,2024-12-19 07:31:00,10.10.0.80,False
857,001,2024-12-19,16,36,1,2024-12-19 16:36:00,10.10.0.81,False
857,001,2024-12-20,7,26,0,2024-12-20 07:26:00,10.10.0.80,False
857,001,2024-12-20,16,33,1,2024-12-20 16:33:00,10.10.0.81,False
857,001,2024-12-21,8,29,0,2024-12-21 08:29:00,10.10.0.80,False
857,001,2024-12-21,17,51,1,2024-12-21 17:51:00,10.10.0.81,False
857,001,2024-12-22,21,38,0,2024-12-22 21:38:00,10.10.0.80,False
857,001,2024-12-23,7,39,1,2024-12-23 07:39:00,10.10.0.81,False
857,001,2024-12-28,21,33,0,2024-12-28 21:33:00,10.10.0.80,False
857,001,2024-12-29,7,26,1,2024-12-29 07:26:00,10.10.0.81,False
857,001,2024-12-29,20,40,0,2024-12-29 20:40:00,10.10.0.80,False
857,001,2024-12-30,8,28,1,2024-12-30 08:28:00,10.10.0.81,False
857,001,2024-12-30,21,25,0,2024-12-30 21:25:00,10.10.0.80,False
857,001,2024-12-31,7,58,1,2024-12-31 07:58:00,10.10.0.81,False
857,001,2024-12-31,20,46,0,2024-12-31 20:46:00,10.10.0.80,False
874,001,2024-12-01,19,14,0,2024-12-01 19:14:00,10.10.0.80,False
874,001,2024-12-01,23,52,1,2024-12-01 23:52:00,10.10.0.81,False
874,001,2024-12-03,9,26,0,2024-12-03 09:26:00,10.10.0.80,False
874,001,2024-12-03,15,10,1,2024-12-03 15:10:00,10.10.0.81,False
874,001,2024-12-03,19,22,0,2024-12-03 19:22:00,10.10.0.80,False
874,001,2024-12-03,23,35,1,2024-12-03 23:35:00,10.10.0.81,False
874,001,2024-12-04,9,6,0,2024-12-04 09:06:00,10.10.0.80,False
874,001,2024-12-04,14,12,1,2024-12-04 14:12:00,10.10.0.81,False
874,001,2024-12-04,19,11,0,2024-12-04 19:11:00,10.10.0.80,False
874,001,2024-12-04,23,45,1,2024-12-04 23:45:00,10.10.0.81,False
874,001,2024-12-05,11,7,0,2024-12-05 11:07:00,10.10.0.80,False
874,001,2024-12-05,20,13,1,2024-12-05 20:13:00,10.10.0.81,False
874,001,2024-12-06,13,49,0,2024-12-06 13:49:00,10.10.0.80,False
874,001,2024-12-06,23,31,1,2024-12-06 23:31:00,10.10.0.81,False
874,001,2024-12-07,13,47,0,2024-12-07 13:47:00,10.10.0.80,False
874,001,2024-12-07,23,53,1,2024-12-07 23:53:00,10.10.0.81,False
874,001,2024-12-08,9,4,0,2024-12-08 09:04:00,10.10.0.80,False
874,001,2024-12-08,14,34,1,2024-12-08 14:34:00,10.10.0.81,False
874,001,2024-12-08,19,15,0,2024-12-08 19:15:00,10.10.0.80,False
874,001,2024-12-08,23,25,1,2024-12-08 23:25:00,10.10.0.81,False
874,001,2024-12-10,12,6,0,2024-12-10 12:06:00,10.10.0.80,False
874,001,2024-12-10,23,31,1,2024-12-10 23:31:00,10.10.0.81,False
874,001,2024-12-11,5,47,0,2024-12-11 05:47:00,10.10.0.80,False
874,001,2024-12-11,16,12,1,2024-12-11 16:12:00,10.10.0.81,False
874,001,2024-12-12,9,10,0,2024-12-12 09:10:00,10.10.0.80,False
874,001,2024-12-12,14,33,1,2024-12-12 14:33:00,10.10.0.81,False
874,001,2024-12-12,19,23,0,2024-12-12 19:23:00,10.10.0.80,False
874,001,2024-12-12,23,37,1,2024-12-12 23:37:00,10.10.0.81,False
874,001,2024-12-13,9,21,0,2024-12-13 09:21:00,10.10.0.80,False
874,001,2024-12-13,14,26,1,2024-12-13 14:26:00,10.10.0.81,False
874,001,2024-12-13,19,18,0,2024-12-13 19:18:00,10.10.0.80,False
874,001,2024-12-13,23,43,1,2024-12-13 23:43:00,10.10.0.81,False
874,001,2024-12-14,9,7,0,2024-12-14 09:07:00,10.10.0.80,False
874,001,2024-12-14,14,29,1,2024-12-14 14:29:00,10.10.0.81,False
874,001,2024-12-14,19,15,0,2024-12-14 19:15:00,10.10.0.80,False
874,001,2024-12-14,23,32,1,2024-12-14 23:32:00,10.10.0.81,False
874,001,2024-12-16,9,8,0,2024-12-16 09:08:00,10.10.0.80,False
874,001,2024-12-16,14,16,1,2024-12-16 14:16:00,10.10.0.81,False
874,001,2024-12-16,19,15,0,2024-12-16 19:15:00,10.10.0.80,False
874,001,2024-12-16,23,20,1,2024-12-16 23:20:00,10.10.0.81,False
874,001,2024-12-17,9,10,0,2024-12-17 09:10:00,10.10.0.80,False
874,001,2024-12-17,14,48,1,2024-12-17 14:48:00,10.10.0.81,False
874,001,2024-12-17,19,14,0,2024-12-17 19:14:00,10.10.0.80,False
874,001,2024-12-17,23,12,1,2024-12-17 23:12:00,10.10.0.81,False
874,001,2024-12-18,9,10,0,2024-12-18 09:10:00,10.10.0.80,False
874,001,2024-12-18,14,22,1,2024-12-18 14:22:00,10.10.0.81,False
874,001,2024-12-18,19,11,0,2024-12-18 19:11:00,10.10.0.80,False
874,001,2024-12-18,23,49,1,2024-12-18 23:49:00,10.10.0.81,False
874,001,2024-12-19,9,15,0,2024-12-19 09:15:00,10.10.0.80,False
874,001,2024-12-19,14,36,1,2024-12-19 14:36:00,10.10.0.81,False
874,001,2024-12-19,19,17,0,2024-12-19 19:17:00,10.10.0.80,False
874,001,2024-12-19,23,13,1,2024-12-19 23:13:00,10.10.0.81,False
874,001,2024-12-20,13,8,0,2024-12-20 13:08:00,10.10.0.80,False
874,001,2024-12-20,23,20,1,2024-12-20 23:20:00,10.10.0.81,False
874,001,2024-12-21,9,31,0,2024-12-21 09:31:00,10.10.0.80,False
874,001,2024-12-21,14,50,1,2024-12-21 14:50:00,10.10.0.81,False
874,001,2024-12-21,19,36,0,2024-12-21 19:36:00,10.10.0.80,False
874,001,2024-12-21,23,20,1,2024-12-21 23:20:00,10.10.0.81,False
874,001,2024-12-22,13,39,0,2024-12-22 13:39:00,10.10.0.80,False
874,001,2024-12-22,23,31,1,2024-12-22 23:31:00,10.10.0.81,False
874,001,2024-12-23,9,9,0,2024-12-23 09:09:00,10.10.0.80,False
874,001,2024-12-23,17,7,1,2024-12-23 17:07:00,10.10.0.81,False
874,001,2024-12-24,9,8,0,2024-12-24 09:08:00,10.10.0.80,False
874,001,2024-12-24,14,22,1,2024-12-24 14:22:00,10.10.0.81,False
874,001,2024-12-24,19,10,0,2024-12-24 19:10:00,10.10.0.80,False
874,001,2024-12-24,23,46,1,2024-12-24 23:46:00,10.10.0.81,False
874,001,2024-12-25,9,17,0,2024-12-25 09:17:00,10.10.0.80,False
874,001,2024-12-25,14,18,1,2024-12-25 14:18:00,10.10.0.81,False
874,001,2024-12-26,9,9,0,2024-12-26 09:09:00,10.10.0.80,False
874,001,2024-12-26,15,14,1,2024-12-26 15:14:00,10.10.0.81,False
874,001,2024-12-27,9,11,0,2024-12-27 09:11:00,10.10.0.80,False
874,001,2024-12-27,14,49,1,2024-12-27 14:49:00,10.10.0.81,False
874,001,2024-12-27,19,20,0,2024-12-27 19:20:00,10.10.0.80,False
874,001,2024-12-27,23,26,1,2024-12-27 23:26:00,10.10.0.81,False
874,001,2024-12-28,9,9,0,2024-12-28 09:09:00,10.10.0.80,False
874,001,2024-12-28,14,34,1,2024-12-28 14:34:00,10.10.0.81,False
874,001,2024-12-28,19,20,0,2024-12-28 19:20:00,10.10.0.80,False
874,001,2024-12-28,23,13,1,2024-12-28 23:13:00,10.10.0.81,False
874,001,2024-12-29,9,9,0,2024-12-29 09:09:00,10.10.0.80,False
874,001,2024-12-29,14,22,1,2024-12-29 14:22:00,10.10.0.81,False
874,001,2024-12-29,19,52,0,2024-12-29 19:52:00,10.10.0.80,False
874,001,2024-12-29,23,38,1,2024-12-29 23:38:00,10.10.0.81,False
874,001,2024-12-31,13,33,0,2024-12-31 13:33:00,10.10.0.80,False
